timestamp, last_update, init, num_updates, num_errors, total_pong, total_timeout, total_reconnect, func_name, state, update, message
2023-07-27T04:00:02.990655,2023-07-27 04:00:02.959897,True,0,0,0,0,0,on_open,OPEN,ok, "Connection opened on websocket!"
2023-07-27T04:00:03.021286,2023-07-27 04:00:02.959897,True,0,0,0,0,0,on_open,SUBSCRIBE,send, "{'op': 'subscribe', 'args': ['trade:XBTUSD']}"
2023-07-27T04:00:03.047243,2023-07-27 04:00:02.959897,False,0,0,0,0,0,on_message,INFO,limit, "{'remaining': 179}"
2023-07-27T04:00:03.549643,2023-07-27 04:00:02.959897,False,0,0,0,0,0,on_message,SUBSCRIBE,True, "trade:XBTUSD"
2023-07-27T04:00:03.560099,2023-07-27 04:00:02.959897,False,1,0,0,0,0,on_message,ACTION,partial, ""
2023-07-27T04:00:09.994337,2023-07-27 04:00:02.959897,False,2,0,0,0,0,on_message,ACTION,insert, ""
2023-07-27T04:00:10.030638,2023-07-27 04:00:02.959897,False,3,0,0,0,0,on_message,ACTION,insert, ""
2023-07-27T04:00:10.922592,2023-07-27 04:00:02.959897,False,4,0,0,0,0,on_message,ACTION,insert, ""
2023-07-27T04:00:11.224399,2023-07-27 04:00:02.959897,False,5,0,0,0,0,on_message,ACTION,insert, ""
2023-07-27T04:00:12.151113,2023-07-27 04:00:02.959897,False,6,0,0,0,0,on_message,ACTION,insert, ""
2023-07-27T04:00:12.453309,2023-07-27 04:00:02.959897,False,7,0,0,0,0,on_message,ACTION,insert, ""
2023-07-27T04:00:13.629181,2023-07-27 04:00:02.959897,False,8,0,0,0,0,on_message,ACTION,insert, ""
2023-07-27T04:00:15.221910,2023-07-27 04:00:02.959897,False,9,0,0,0,0,on_message,ACTION,insert, ""
2023-07-27T04:00:15.536029,2023-07-27 04:00:02.959897,False,10,0,0,0,0,on_message,ACTION,insert, ""
2023-07-27T04:00:16.144814,2023-07-27 04:00:02.959897,False,11,0,0,0,0,on_message,ACTION,insert, ""
2023-07-27T04:00:17.067325,2023-07-27 04:00:02.959897,False,12,0,0,0,0,on_message,ACTION,insert, ""
2023-07-27T04:00:17.628937,2023-07-27 04:00:02.959897,False,13,0,0,0,0,on_message,ACTION,insert, ""
2023-07-27T04:00:18.601253,2023-07-27 04:00:02.959897,False,14,0,0,0,0,on_message,ACTION,insert, ""
2023-07-27T04:00:19.623542,2023-07-27 04:00:02.959897,False,15,0,0,0,0,on_message,ACTION,insert, ""
2023-07-27T04:00:20.137363,2023-07-27 04:00:02.959897,False,16,0,0,0,0,on_message,ACTION,insert, ""
2023-07-27T04:00:21.366147,2023-07-27 04:00:02.959897,False,17,0,0,0,0,on_message,ACTION,insert, ""
2023-07-27T04:00:22.288490,2023-07-27 04:00:02.959897,False,18,0,0,0,0,on_message,ACTION,insert, ""
2023-07-27T04:00:22.898996,2023-07-27 04:00:02.959897,False,19,0,0,0,0,on_message,ACTION,insert, ""
2023-07-27T04:00:23.512317,2023-07-27 04:00:02.959897,False,19,0,0,0,0,on_pong,HEARTBEAT,response, "pong"
2023-07-27T04:00:24.132203,2023-07-27 04:00:02.959897,False,20,0,0,0,0,on_message,ACTION,insert, ""
2023-07-27T04:00:24.741294,2023-07-27 04:00:02.959897,False,21,0,0,0,0,on_message,ACTION,insert, ""
2023-07-27T04:00:27.514444,2023-07-27 04:00:02.959897,False,22,0,0,0,0,on_message,ACTION,insert, ""
2023-07-27T04:00:30.276223,2023-07-27 04:00:02.959897,False,23,0,0,0,0,on_message,ACTION,insert, ""
2023-07-27T04:00:33.049546,2023-07-27 04:00:02.959897,False,24,0,0,0,0,on_message,ACTION,insert, ""
2023-07-27T04:00:33.342852,2023-07-27 04:00:02.959897,False,24,0,0,0,0,on_pong,HEARTBEAT,response, "pong"
2023-07-27T04:00:43.484223,2023-07-27 04:00:02.959897,False,24,0,0,0,0,on_pong,HEARTBEAT,response, "pong"
2023-07-27T04:00:44.673228,2023-07-27 04:00:02.959897,False,25,0,0,0,0,on_message,ACTION,insert, ""
2023-07-27T04:00:45.329065,2023-07-27 04:00:02.959897,False,26,0,0,0,0,on_message,ACTION,insert, ""
2023-07-27T04:00:46.868797,2023-07-27 04:00:02.959897,False,27,0,0,0,0,on_message,ACTION,insert, ""
2023-07-27T04:00:51.165986,2023-07-27 04:00:02.959897,False,28,0,0,0,0,on_message,ACTION,insert, ""
2023-07-27T04:00:53.628278,2023-07-27 04:00:02.959897,False,28,0,0,0,0,on_pong,HEARTBEAT,response, "pong"
2023-07-27T04:00:58.949046,2023-07-27 04:00:02.959897,False,29,0,0,0,0,on_message,ACTION,insert, ""
2023-07-27T04:01:00.079966,2023-07-27 04:00:02.959897,False,30,0,0,0,0,on_message,ACTION,insert, ""
2023-07-27T04:01:03.457528,2023-07-27 04:00:02.959897,False,30,0,0,0,0,on_pong,HEARTBEAT,response, "pong"
2023-07-27T04:01:13.568644,2023-07-27 04:00:02.959897,False,30,0,0,0,0,on_pong,HEARTBEAT,response, "pong"
2023-07-27T04:01:13.897633,2023-07-27 04:00:02.959897,False,31,0,0,0,0,on_message,ACTION,insert, ""
2023-07-27T04:01:19.115128,2023-07-27 04:00:02.959897,False,32,0,0,0,0,on_message,ACTION,insert, ""
2023-07-27T04:01:22.192395,2023-07-27 04:00:02.959897,False,33,0,0,0,0,on_message,ACTION,insert, ""
2023-07-27T04:01:23.427039,2023-07-27 04:00:02.959897,False,33,0,0,0,0,on_pong,HEARTBEAT,response, "pong"
2023-07-27T04:01:33.559583,2023-07-27 04:00:02.959897,False,33,0,0,0,0,on_pong,HEARTBEAT,response, "pong"
2023-07-27T04:01:43.400374,2023-07-27 04:00:02.959897,False,33,0,0,0,0,on_pong,HEARTBEAT,response, "pong"
2023-07-27T04:01:53.537765,2023-07-27 04:00:02.959897,False,33,0,0,0,0,on_pong,HEARTBEAT,response, "pong"
2023-07-27T04:02:03.660587,2023-07-27 04:00:02.959897,False,33,0,0,0,0,on_pong,HEARTBEAT,response, "pong"
2023-07-27T04:02:13.506274,2023-07-27 04:00:02.959897,False,33,0,0,0,0,on_pong,HEARTBEAT,response, "pong"
2023-07-27T04:02:23.638625,2023-07-27 04:00:02.959897,False,33,0,0,0,0,on_pong,HEARTBEAT,response, "pong"
2023-07-27T04:02:27.319261,2023-07-27 04:00:02.959897,False,34,0,0,0,0,on_message,ACTION,insert, ""
2023-07-27T04:02:33.455994,2023-07-27 04:00:02.959897,False,35,0,0,0,0,on_message,ACTION,insert, ""
2023-07-27T04:02:33.503248,2023-07-27 04:00:02.959897,False,36,0,0,0,0,on_message,ACTION,insert, ""
2023-07-27T04:02:33.554866,2023-07-27 04:00:02.959897,False,37,0,0,0,0,on_message,ACTION,insert, ""
2023-07-27T04:02:33.601018,2023-07-27 04:00:02.959897,False,37,0,0,0,0,on_pong,HEARTBEAT,response, "pong"
2023-07-27T04:02:33.627082,2023-07-27 04:00:02.959897,False,38,0,0,0,0,on_message,ACTION,insert, ""
2023-07-27T04:02:33.668262,2023-07-27 04:00:02.959897,False,39,0,0,0,0,on_message,ACTION,insert, ""
2023-07-27T04:02:38.388606,2023-07-27 04:00:02.959897,False,40,0,0,0,0,on_message,ACTION,insert, ""
2023-07-27T04:02:40.841484,2023-07-27 04:00:02.959897,False,41,0,0,0,0,on_message,ACTION,insert, ""
2023-07-27T04:02:43.595453,2023-07-27 04:00:02.959897,False,41,0,0,0,0,on_pong,HEARTBEAT,response, "pong"
2023-07-27T04:02:43.621271,2023-07-27 04:00:02.959897,False,42,0,0,0,0,on_message,ACTION,insert, ""
2023-07-27T04:02:46.981098,2023-07-27 04:00:02.959897,False,43,0,0,0,0,on_message,ACTION,insert, ""
2023-07-27T04:02:53.733094,2023-07-27 04:00:02.959897,False,43,0,0,0,0,on_pong,HEARTBEAT,response, "pong"
2023-07-27T04:02:56.504529,2023-07-27 04:00:02.959897,False,44,0,0,0,0,on_message,ACTION,insert, ""
2023-07-27T04:03:03.575239,2023-07-27 04:00:02.959897,False,44,0,0,0,0,on_pong,HEARTBEAT,response, "pong"
2023-07-27T04:03:10.021533,2023-07-27 04:00:02.959897,False,45,0,0,0,0,on_message,ACTION,insert, ""
2023-07-27T04:03:13.706452,2023-07-27 04:00:02.959897,False,45,0,0,0,0,on_pong,HEARTBEAT,response, "pong"
2023-07-27T04:03:23.542061,2023-07-27 04:00:02.959897,False,45,0,0,0,0,on_pong,HEARTBEAT,response, "pong"
2023-07-27T04:03:32.753225,2023-07-27 04:00:02.959897,False,46,0,0,0,0,on_message,ACTION,insert, ""
2023-07-27T04:03:32.799766,2023-07-27 04:00:02.959897,False,47,0,0,0,0,on_message,ACTION,insert, ""
2023-07-27T04:03:33.055555,2023-07-27 04:00:02.959897,False,48,0,0,0,0,on_message,ACTION,insert, ""
2023-07-27T04:03:33.102623,2023-07-27 04:00:02.959897,False,49,0,0,0,0,on_message,ACTION,insert, ""
2023-07-27T04:03:33.606551,2023-07-27 04:00:02.959897,False,49,0,0,0,0,on_pong,HEARTBEAT,response, "pong"
2023-07-27T04:03:33.777709,2023-07-27 04:00:02.959897,False,50,0,0,0,0,on_message,ACTION,insert, ""
2023-07-27T04:03:36.439954,2023-07-27 04:00:02.959897,False,51,0,0,0,0,on_message,ACTION,insert, ""
2023-07-27T04:03:36.486682,2023-07-27 04:00:02.959897,False,52,0,0,0,0,on_message,ACTION,insert, ""
2023-07-27T04:03:36.558725,2023-07-27 04:00:02.959897,False,53,0,0,0,0,on_message,ACTION,insert, ""
2023-07-27T04:03:36.600035,2023-07-27 04:00:02.959897,False,54,0,0,0,0,on_message,ACTION,insert, ""
2023-07-27T04:03:43.818653,2023-07-27 04:00:02.959897,False,54,0,0,0,0,on_pong,HEARTBEAT,response, "pong"
2023-07-27T04:03:50.567601,2023-07-27 04:00:02.959897,False,55,0,0,0,0,on_message,ACTION,insert, ""
2023-07-27T04:03:50.614166,2023-07-27 04:00:02.959897,False,56,0,0,0,0,on_message,ACTION,insert, ""
2023-07-27T04:03:50.879292,2023-07-27 04:00:02.959897,False,57,0,0,0,0,on_message,ACTION,insert, ""
2023-07-27T04:03:53.644469,2023-07-27 04:00:02.959897,False,57,0,0,0,0,on_pong,HEARTBEAT,response, "pong"
2023-07-27T04:04:03.706152,2023-07-27 04:00:02.959897,False,57,0,0,0,0,on_pong,HEARTBEAT,response, "pong"
2023-07-27T04:04:13.626489,2023-07-27 04:00:02.959897,False,57,0,0,0,0,on_pong,HEARTBEAT,response, "pong"
2023-07-27T04:04:23.709331,2023-07-27 04:00:02.959897,False,57,0,0,0,0,on_pong,HEARTBEAT,response, "pong"
2023-07-27T04:04:33.589517,2023-07-27 04:00:02.959897,False,57,0,0,0,0,on_pong,HEARTBEAT,response, "pong"
2023-07-27T04:04:43.661565,2023-07-27 04:00:02.959897,False,57,0,0,0,0,on_pong,HEARTBEAT,response, "pong"
2023-07-27T04:04:44.946060,2023-07-27 04:00:02.959897,False,58,0,0,0,0,on_message,ACTION,insert, ""
2023-07-27T04:04:53.859957,2023-07-27 04:00:02.959897,False,58,0,0,0,0,on_pong,HEARTBEAT,response, "pong"
2023-07-27T04:05:03.686826,2023-07-27 04:00:02.959897,False,58,0,0,0,0,on_pong,HEARTBEAT,response, "pong"
2023-07-27T04:05:13.824369,2023-07-27 04:00:02.959897,False,58,0,0,0,0,on_pong,HEARTBEAT,response, "pong"
2023-07-27T04:05:21.191985,2023-07-27 04:00:02.959897,False,59,0,0,0,0,on_message,ACTION,insert, ""
2023-07-27T04:05:23.649535,2023-07-27 04:00:02.959897,False,59,0,0,0,0,on_pong,HEARTBEAT,response, "pong"
2023-07-27T04:05:33.791013,2023-07-27 04:00:02.959897,False,59,0,0,0,0,on_pong,HEARTBEAT,response, "pong"
2023-07-27T04:05:43.940687,2023-07-27 04:00:02.959897,False,59,0,0,0,0,on_pong,HEARTBEAT,response, "pong"
2023-07-27T04:05:53.673673,2023-07-27 04:00:02.959897,False,59,0,0,0,0,on_pong,HEARTBEAT,response, "pong"
2023-07-27T04:06:03.891938,2023-07-27 04:00:02.959897,False,59,0,0,0,0,on_pong,HEARTBEAT,response, "pong"
2023-07-27T04:06:13.670323,2023-07-27 04:00:02.959897,False,59,0,0,0,0,on_pong,HEARTBEAT,response, "pong"
2023-07-27T04:06:23.865366,2023-07-27 04:00:02.959897,False,59,0,0,0,0,on_pong,HEARTBEAT,response, "pong"
2023-07-27T04:06:33.902142,2023-07-27 04:00:02.959897,False,59,0,0,0,0,on_pong,HEARTBEAT,response, "pong"
2023-07-27T04:06:43.845280,2023-07-27 04:00:02.959897,False,59,0,0,0,0,on_pong,HEARTBEAT,response, "pong"
2023-07-27T04:06:53.982985,2023-07-27 04:00:02.959897,False,59,0,0,0,0,on_pong,HEARTBEAT,response, "pong"
2023-07-27T04:07:03.807032,2023-07-27 04:00:02.959897,False,59,0,0,0,0,on_pong,HEARTBEAT,response, "pong"
2023-07-27T04:07:13.935612,2023-07-27 04:00:02.959897,False,59,0,0,0,0,on_pong,HEARTBEAT,response, "pong"
2023-07-27T04:07:23.770720,2023-07-27 04:00:02.959897,False,59,0,0,0,0,on_pong,HEARTBEAT,response, "pong"
2023-07-27T04:07:33.907793,2023-07-27 04:00:02.959897,False,59,0,0,0,0,on_pong,HEARTBEAT,response, "pong"
2023-07-27T04:07:43.690621,2023-07-27 04:00:02.959897,False,60,0,0,0,0,on_message,ACTION,insert, ""
2023-07-27T04:07:43.943269,2023-07-27 04:00:02.959897,False,60,0,0,0,0,on_pong,HEARTBEAT,response, "pong"
2023-07-27T04:07:45.895475,2023-07-27 04:00:02.959897,False,61,0,0,0,0,on_message,ACTION,insert, ""
2023-07-27T04:07:51.411552,2023-07-27 04:00:02.959897,False,62,0,0,0,0,on_message,ACTION,insert, ""
2023-07-27T04:07:53.262177,2023-07-27 04:00:02.959897,False,63,0,0,0,0,on_message,ACTION,insert, ""
2023-07-27T04:07:53.872173,2023-07-27 04:00:02.959897,False,63,0,0,0,0,on_pong,HEARTBEAT,response, "pong"
2023-07-27T04:07:55.106495,2023-07-27 04:00:02.959897,False,64,0,0,0,0,on_message,ACTION,insert, ""
2023-07-27T04:08:03.912561,2023-07-27 04:00:02.959897,False,64,0,0,0,0,on_pong,HEARTBEAT,response, "pong"
2023-07-27T04:08:13.844602,2023-07-27 04:00:02.959897,False,64,0,0,0,0,on_pong,HEARTBEAT,response, "pong"
2023-07-27T04:08:14.458857,2023-07-27 04:00:02.959897,False,65,0,0,0,0,on_message,ACTION,insert, ""
2023-07-27T04:08:23.983402,2023-07-27 04:00:02.959897,False,65,0,0,0,0,on_pong,HEARTBEAT,response, "pong"
2023-07-27T04:08:34.119731,2023-07-27 04:00:02.959897,False,65,0,0,0,0,on_pong,HEARTBEAT,response, "pong"
2023-07-27T04:08:43.950532,2023-07-27 04:00:02.959897,False,65,0,0,0,0,on_pong,HEARTBEAT,response, "pong"
2023-07-27T04:08:53.981892,2023-07-27 04:00:02.959897,False,65,0,0,0,0,on_pong,HEARTBEAT,response, "pong"
2023-07-27T04:09:03.918889,2023-07-27 04:00:02.959897,False,65,0,0,0,0,on_pong,HEARTBEAT,response, "pong"
2023-07-27T04:09:13.969480,2023-07-27 04:00:02.959897,False,65,0,0,0,0,on_pong,HEARTBEAT,response, "pong"
2023-07-27T04:09:23.887334,2023-07-27 04:00:02.959897,False,65,0,0,0,0,on_pong,HEARTBEAT,response, "pong"
2023-07-27T04:09:34.020582,2023-07-27 04:00:02.959897,False,65,0,0,0,0,on_pong,HEARTBEAT,response, "pong"
2023-07-27T04:09:44.157216,2023-07-27 04:00:02.959897,False,65,0,0,0,0,on_pong,HEARTBEAT,response, "pong"
2023-07-27T04:09:53.992741,2023-07-27 04:00:02.959897,False,65,0,0,0,0,on_pong,HEARTBEAT,response, "pong"
2023-07-27T04:10:04.125591,2023-07-27 04:00:02.959897,False,65,0,0,0,0,on_pong,HEARTBEAT,response, "pong"
2023-07-27T04:10:13.966183,2023-07-27 04:00:02.959897,False,65,0,0,0,0,on_pong,HEARTBEAT,response, "pong"
2023-07-27T04:10:24.098923,2023-07-27 04:00:02.959897,False,65,0,0,0,0,on_pong,HEARTBEAT,response, "pong"
2023-07-27T04:10:33.924421,2023-07-27 04:00:02.959897,False,65,0,0,0,0,on_pong,HEARTBEAT,response, "pong"
2023-07-27T04:10:43.976418,2023-07-27 04:00:02.959897,False,65,0,0,0,0,on_pong,HEARTBEAT,response, "pong"
2023-07-27T04:10:54.098456,2023-07-27 04:00:02.959897,False,65,0,0,0,0,on_pong,HEARTBEAT,response, "pong"
2023-07-27T04:11:04.035354,2023-07-27 04:00:02.959897,False,65,0,0,0,0,on_pong,HEARTBEAT,response, "pong"
2023-07-27T04:11:10.483015,2023-07-27 04:00:02.959897,False,66,0,0,0,0,on_message,ACTION,insert, ""
2023-07-27T04:11:10.525020,2023-07-27 04:00:02.959897,False,67,0,0,0,0,on_message,ACTION,insert, ""
2023-07-27T04:11:10.800202,2023-07-27 04:00:02.959897,False,68,0,0,0,0,on_message,ACTION,insert, ""
2023-07-27T04:11:10.847223,2023-07-27 04:00:02.959897,False,69,0,0,0,0,on_message,ACTION,insert, ""
2023-07-27T04:11:10.894192,2023-07-27 04:00:02.959897,False,70,0,0,0,0,on_message,ACTION,insert, ""
2023-07-27T04:11:10.935848,2023-07-27 04:00:02.959897,False,71,0,0,0,0,on_message,ACTION,insert, ""
2023-07-27T04:11:10.982613,2023-07-27 04:00:02.959897,False,72,0,0,0,0,on_message,ACTION,insert, ""
2023-07-27T04:11:14.478044,2023-07-27 04:00:02.959897,False,72,0,0,0,0,on_pong,HEARTBEAT,response, "pong"
2023-07-27T04:11:24.312239,2023-07-27 04:00:02.959897,False,72,0,0,0,0,on_pong,HEARTBEAT,response, "pong"
2023-07-27T04:11:34.148026,2023-07-27 04:00:02.959897,False,72,0,0,0,0,on_pong,HEARTBEAT,response, "pong"
2023-07-27T04:11:44.280299,2023-07-27 04:00:02.959897,False,72,0,0,0,0,on_pong,HEARTBEAT,response, "pong"
2023-07-27T04:11:49.671486,2023-07-27 04:00:02.959897,False,73,0,0,0,0,on_message,ACTION,insert, ""
2023-07-27T04:11:49.708814,2023-07-27 04:00:02.959897,False,74,0,0,0,0,on_message,ACTION,insert, ""
2023-07-27T04:11:49.755103,2023-07-27 04:00:02.959897,False,75,0,0,0,0,on_message,ACTION,insert, ""
2023-07-27T04:11:54.130165,2023-07-27 04:00:02.959897,False,75,0,0,0,0,on_pong,HEARTBEAT,response, "pong"
2023-07-27T04:12:04.243606,2023-07-27 04:00:02.959897,False,75,0,0,0,0,on_pong,HEARTBEAT,response, "pong"
2023-07-27T04:12:14.390181,2023-07-27 04:00:02.959897,False,75,0,0,0,0,on_pong,HEARTBEAT,response, "pong"
2023-07-27T04:12:24.211931,2023-07-27 04:00:02.959897,False,75,0,0,0,0,on_pong,HEARTBEAT,response, "pong"
2023-07-27T04:12:34.348456,2023-07-27 04:00:02.959897,False,75,0,0,0,0,on_pong,HEARTBEAT,response, "pong"
2023-07-27T04:12:44.185065,2023-07-27 04:00:02.959897,False,75,0,0,0,0,on_pong,HEARTBEAT,response, "pong"
2023-07-27T04:12:44.493022,2023-07-27 04:00:02.959897,False,76,0,0,0,0,on_message,ACTION,insert, ""
2023-07-27T04:12:51.551879,2023-07-27 04:00:02.959897,False,77,0,0,0,0,on_message,ACTION,insert, ""
2023-07-27T04:12:54.317860,2023-07-27 04:00:02.959897,False,77,0,0,0,0,on_pong,HEARTBEAT,response, "pong"
2023-07-27T04:13:04.454438,2023-07-27 04:00:02.959897,False,77,0,0,0,0,on_pong,HEARTBEAT,response, "pong"
2023-07-27T04:13:14.592228,2023-07-27 04:00:02.959897,False,77,0,0,0,0,on_pong,HEARTBEAT,response, "pong"
2023-07-27T04:13:24.432664,2023-07-27 04:00:02.959897,False,77,0,0,0,0,on_pong,HEARTBEAT,response, "pong"
2023-07-27T04:13:34.258183,2023-07-27 04:00:02.959897,False,77,0,0,0,0,on_pong,HEARTBEAT,response, "pong"
2023-07-27T04:13:44.402226,2023-07-27 04:00:02.959897,False,77,0,0,0,0,on_pong,HEARTBEAT,response, "pong"
2023-07-27T04:13:54.227818,2023-07-27 04:00:02.959897,False,77,0,0,0,0,on_pong,HEARTBEAT,response, "pong"
2023-07-27T04:14:04.360622,2023-07-27 04:00:02.959897,False,77,0,0,0,0,on_pong,HEARTBEAT,response, "pong"
2023-07-27T04:14:14.497092,2023-07-27 04:00:02.959897,False,77,0,0,0,0,on_pong,HEARTBEAT,response, "pong"
2023-07-27T04:14:24.349078,2023-07-27 04:00:02.959897,False,77,0,0,0,0,on_pong,HEARTBEAT,response, "pong"
2023-07-27T04:14:34.471664,2023-07-27 04:00:02.959897,False,77,0,0,0,0,on_pong,HEARTBEAT,response, "pong"
2023-07-27T04:14:44.307232,2023-07-27 04:00:02.959897,False,77,0,0,0,0,on_pong,HEARTBEAT,response, "pong"
2023-07-27T04:14:54.438767,2023-07-27 04:00:02.959897,False,77,0,0,0,0,on_pong,HEARTBEAT,response, "pong"
2023-07-27T04:15:04.270660,2023-07-27 04:00:02.959897,False,77,0,0,0,0,on_pong,HEARTBEAT,response, "pong"
2023-07-27T04:15:14.408168,2023-07-27 04:00:02.959897,False,77,0,0,0,0,on_pong,HEARTBEAT,response, "pong"
2023-07-27T04:15:15.330155,2023-07-27 04:00:02.959897,False,78,0,0,0,0,on_message,ACTION,insert, ""
2023-07-27T04:15:24.539851,2023-07-27 04:00:02.959897,False,78,0,0,0,0,on_pong,HEARTBEAT,response, "pong"
2023-07-27T04:15:35.927928,2023-07-27 04:00:02.959897,False,78,0,0,0,0,on_pong,HEARTBEAT,response, "pong"
2023-07-27T04:15:44.518925,2023-07-27 04:00:02.959897,False,78,0,0,0,0,on_pong,HEARTBEAT,response, "pong"
2023-07-27T04:15:54.339413,2023-07-27 04:00:02.959897,False,78,0,0,0,0,on_pong,HEARTBEAT,response, "pong"
2023-07-27T04:16:04.477350,2023-07-27 04:00:02.959897,False,78,0,0,0,0,on_pong,HEARTBEAT,response, "pong"
2023-07-27T04:16:14.625371,2023-07-27 04:00:02.959897,False,78,0,0,0,0,on_pong,HEARTBEAT,response, "pong"
2023-07-27T04:16:24.449466,2023-07-27 04:00:02.959897,False,78,0,0,0,0,on_pong,HEARTBEAT,response, "pong"
2023-07-27T04:16:34.583230,2023-07-27 04:00:02.959897,False,78,0,0,0,0,on_pong,HEARTBEAT,response, "pong"
2023-07-27T04:16:44.424226,2023-07-27 04:00:02.959897,False,78,0,0,0,0,on_pong,HEARTBEAT,response, "pong"
2023-07-27T04:16:49.635404,2023-07-27 04:00:02.959897,False,79,0,0,0,0,on_message,ACTION,insert, ""
2023-07-27T04:16:54.556865,2023-07-27 04:00:02.959897,False,79,0,0,0,0,on_pong,HEARTBEAT,response, "pong"
2023-07-27T04:17:02.549722,2023-07-27 04:00:02.959897,False,80,0,0,0,0,on_message,ACTION,insert, ""
2023-07-27T04:17:04.673952,2023-07-27 04:00:02.959897,False,80,0,0,0,0,on_pong,HEARTBEAT,response, "pong"
2023-07-27T04:17:06.790944,2023-07-27 04:00:02.959897,False,81,0,0,0,0,on_message,ACTION,insert, ""
2023-07-27T04:17:14.535275,2023-07-27 04:00:02.959897,False,81,0,0,0,0,on_pong,HEARTBEAT,response, "pong"
2023-07-27T04:17:24.666622,2023-07-27 04:00:02.959897,False,81,0,0,0,0,on_pong,HEARTBEAT,response, "pong"
2023-07-27T04:17:33.566886,2023-07-27 04:00:02.959897,False,82,0,0,0,0,on_message,ACTION,insert, ""
2023-07-27T04:17:34.493451,2023-07-27 04:00:02.959897,False,82,0,0,0,0,on_pong,HEARTBEAT,response, "pong"
2023-07-27T04:17:44.629826,2023-07-27 04:00:02.959897,False,82,0,0,0,0,on_pong,HEARTBEAT,response, "pong"
2023-07-27T04:17:54.686764,2023-07-27 04:00:02.959897,False,82,0,0,0,0,on_pong,HEARTBEAT,response, "pong"
2023-07-27T04:17:59.986908,2023-07-27 04:00:02.959897,False,83,0,0,0,0,on_message,ACTION,insert, ""
2023-07-27T04:18:04.599235,2023-07-27 04:00:02.959897,False,83,0,0,0,0,on_pong,HEARTBEAT,response, "pong"
2023-07-27T04:18:05.526715,2023-07-27 04:00:02.959897,False,84,0,0,0,0,on_message,ACTION,insert, ""
2023-07-27T04:18:07.666420,2023-07-27 04:00:02.959897,False,85,0,0,0,0,on_message,ACTION,insert, ""
2023-07-27T04:18:07.984014,2023-07-27 04:00:02.959897,False,86,0,0,0,0,on_message,ACTION,insert, ""
2023-07-27T04:18:08.895375,2023-07-27 04:00:02.959897,False,87,0,0,0,0,on_message,ACTION,insert, ""
2023-07-27T04:18:10.123112,2023-07-27 04:00:02.959897,False,88,0,0,0,0,on_message,ACTION,insert, ""
2023-07-27T04:18:14.737458,2023-07-27 04:00:02.959897,False,88,0,0,0,0,on_pong,HEARTBEAT,response, "pong"
2023-07-27T04:18:20.886520,2023-07-27 04:00:02.959897,False,89,0,0,0,0,on_message,ACTION,insert, ""
2023-07-27T04:18:24.576744,2023-07-27 04:00:02.959897,False,89,0,0,0,0,on_pong,HEARTBEAT,response, "pong"
2023-07-27T04:18:34.705501,2023-07-27 04:00:02.959897,False,89,0,0,0,0,on_pong,HEARTBEAT,response, "pong"
2023-07-27T04:18:44.846996,2023-07-27 04:00:02.959897,False,89,0,0,0,0,on_pong,HEARTBEAT,response, "pong"
2023-07-27T04:18:48.227694,2023-07-27 04:00:02.959897,False,90,0,0,0,0,on_message,ACTION,insert, ""
2023-07-27T04:18:52.652948,2023-07-27 04:00:02.959897,False,91,0,0,0,0,on_message,ACTION,insert, ""
2023-07-27T04:18:54.672761,2023-07-27 04:00:02.959897,False,92,0,0,0,0,on_message,ACTION,insert, ""
2023-07-27T04:18:54.709157,2023-07-27 04:00:02.959897,False,92,0,0,0,0,on_pong,HEARTBEAT,response, "pong"
2023-07-27T04:19:04.805062,2023-07-27 04:00:02.959897,False,92,0,0,0,0,on_pong,HEARTBEAT,response, "pong"
2023-07-27T04:19:13.715882,2023-07-27 04:00:02.959897,False,93,0,0,0,0,on_message,ACTION,insert, ""
2023-07-27T04:19:13.772935,2023-07-27 04:00:02.959897,False,94,0,0,0,0,on_message,ACTION,insert, ""
2023-07-27T04:19:13.814894,2023-07-27 04:00:02.959897,False,95,0,0,0,0,on_message,ACTION,insert, ""
2023-07-27T04:19:14.642071,2023-07-27 04:00:02.959897,False,95,0,0,0,0,on_pong,HEARTBEAT,response, "pong"
2023-07-27T04:19:24.700161,2023-07-27 04:00:02.959897,False,95,0,0,0,0,on_pong,HEARTBEAT,response, "pong"
2023-07-27T04:19:34.604123,2023-07-27 04:00:02.959897,False,95,0,0,0,0,on_pong,HEARTBEAT,response, "pong"
2023-07-27T04:19:37.078372,2023-07-27 04:00:02.959897,False,96,0,0,0,0,on_message,ACTION,insert, ""
2023-07-27T04:19:42.591375,2023-07-27 04:00:02.959897,False,97,0,0,0,0,on_message,ACTION,insert, ""
2023-07-27T04:19:44.736663,2023-07-27 04:00:02.959897,False,97,0,0,0,0,on_pong,HEARTBEAT,response, "pong"
2023-07-27T04:19:54.880969,2023-07-27 04:00:02.959897,False,97,0,0,0,0,on_pong,HEARTBEAT,response, "pong"
2023-07-27T04:20:04.716702,2023-07-27 04:00:02.959897,False,97,0,0,0,0,on_pong,HEARTBEAT,response, "pong"
2023-07-27T04:20:04.823543,2023-07-27 04:00:02.959897,False,98,0,0,0,0,on_message,ACTION,insert, ""
2023-07-27T04:20:06.252470,2023-07-27 04:00:02.959897,False,99,0,0,0,0,on_message,ACTION,insert, ""
2023-07-27T04:20:14.854578,2023-07-27 04:00:02.959897,False,99,0,0,0,0,on_pong,HEARTBEAT,response, "pong"
2023-07-27T04:20:18.232514,2023-07-27 04:00:02.959897,False,100,0,0,0,0,on_message,ACTION,insert, ""
2023-07-27T04:20:24.683707,2023-07-27 04:00:02.959897,False,100,0,0,0,0,on_pong,HEARTBEAT,response, "pong"
2023-07-27T04:20:33.292939,2023-07-27 04:00:02.959897,False,101,0,0,0,0,on_message,ACTION,insert, ""
2023-07-27T04:20:34.836396,2023-07-27 04:00:02.959897,False,101,0,0,0,0,on_pong,HEARTBEAT,response, "pong"
2023-07-27T04:20:44.960187,2023-07-27 04:00:02.959897,False,101,0,0,0,0,on_pong,HEARTBEAT,response, "pong"
2023-07-27T04:20:48.647032,2023-07-27 04:00:02.959897,False,102,0,0,0,0,on_message,ACTION,insert, ""
2023-07-27T04:20:54.806112,2023-07-27 04:00:02.959897,False,102,0,0,0,0,on_pong,HEARTBEAT,response, "pong"
2023-07-27T04:21:04.824951,2023-07-27 04:00:02.959897,False,102,0,0,0,0,on_pong,HEARTBEAT,response, "pong"
2023-07-27T04:21:14.759046,2023-07-27 04:00:02.959897,False,102,0,0,0,0,on_pong,HEARTBEAT,response, "pong"
2023-07-27T04:21:24.895512,2023-07-27 04:00:02.959897,False,102,0,0,0,0,on_pong,HEARTBEAT,response, "pong"
2023-07-27T04:21:34.721286,2023-07-27 04:00:02.959897,False,102,0,0,0,0,on_pong,HEARTBEAT,response, "pong"
2023-07-27T04:21:44.863967,2023-07-27 04:00:02.959897,False,102,0,0,0,0,on_pong,HEARTBEAT,response, "pong"
2023-07-27T04:21:55.013134,2023-07-27 04:00:02.959897,False,102,0,0,0,0,on_pong,HEARTBEAT,response, "pong"
2023-07-27T04:22:04.837431,2023-07-27 04:00:02.959897,False,102,0,0,0,0,on_pong,HEARTBEAT,response, "pong"
2023-07-27T04:22:06.652491,2023-07-27 04:00:02.959897,False,103,0,0,0,0,on_message,ACTION,insert, ""
2023-07-27T04:22:14.966084,2023-07-27 04:00:02.959897,False,103,0,0,0,0,on_pong,HEARTBEAT,response, "pong"
2023-07-27T04:22:24.800414,2023-07-27 04:00:02.959897,False,103,0,0,0,0,on_pong,HEARTBEAT,response, "pong"
2023-07-27T04:22:34.944472,2023-07-27 04:00:02.959897,False,103,0,0,0,0,on_pong,HEARTBEAT,response, "pong"
2023-07-27T04:22:45.071087,2023-07-27 04:00:02.959897,False,103,0,0,0,0,on_pong,HEARTBEAT,response, "pong"
2023-07-27T04:22:54.906746,2023-07-27 04:00:02.959897,False,103,0,0,0,0,on_pong,HEARTBEAT,response, "pong"
2023-07-27T04:23:05.039456,2023-07-27 04:00:02.959897,False,103,0,0,0,0,on_pong,HEARTBEAT,response, "pong"
2023-07-27T04:23:14.873351,2023-07-27 04:00:02.959897,False,103,0,0,0,0,on_pong,HEARTBEAT,response, "pong"
2023-07-27T04:23:18.559252,2023-07-27 04:00:02.959897,False,104,0,0,0,0,on_message,ACTION,insert, ""
2023-07-27T04:23:25.004630,2023-07-27 04:00:02.959897,False,104,0,0,0,0,on_pong,HEARTBEAT,response, "pong"
2023-07-27T04:23:35.136279,2023-07-27 04:00:02.959897,False,104,0,0,0,0,on_pong,HEARTBEAT,response, "pong"
2023-07-27T04:23:44.980896,2023-07-27 04:00:02.959897,False,104,0,0,0,0,on_pong,HEARTBEAT,response, "pong"
2023-07-27T04:23:55.117670,2023-07-27 04:00:02.959897,False,104,0,0,0,0,on_pong,HEARTBEAT,response, "pong"
2023-07-27T04:24:04.937086,2023-07-27 04:00:02.959897,False,104,0,0,0,0,on_pong,HEARTBEAT,response, "pong"
2023-07-27T04:24:15.079068,2023-07-27 04:00:02.959897,False,104,0,0,0,0,on_pong,HEARTBEAT,response, "pong"
2023-07-27T04:24:25.211966,2023-07-27 04:00:02.959897,False,104,0,0,0,0,on_pong,HEARTBEAT,response, "pong"
2023-07-27T04:24:35.040137,2023-07-27 04:00:02.959897,False,104,0,0,0,0,on_pong,HEARTBEAT,response, "pong"
2023-07-27T04:24:45.182245,2023-07-27 04:00:02.959897,False,104,0,0,0,0,on_pong,HEARTBEAT,response, "pong"
2023-07-27T04:24:55.021908,2023-07-27 04:00:02.959897,False,104,0,0,0,0,on_pong,HEARTBEAT,response, "pong"
2023-07-27T04:24:55.627756,2023-07-27 04:00:02.959897,False,105,0,0,0,0,on_message,ACTION,insert, ""
2023-07-27T04:25:05.144807,2023-07-27 04:00:02.959897,False,105,0,0,0,0,on_pong,HEARTBEAT,response, "pong"
2023-07-27T04:25:07.812452,2023-07-27 04:00:02.959897,False,106,0,0,0,0,on_message,ACTION,insert, ""
2023-07-27T04:25:07.859023,2023-07-27 04:00:02.959897,False,107,0,0,0,0,on_message,ACTION,insert, ""
2023-07-27T04:25:07.915818,2023-07-27 04:00:02.959897,False,108,0,0,0,0,on_message,ACTION,insert, ""
2023-07-27T04:25:07.957095,2023-07-27 04:00:02.959897,False,109,0,0,0,0,on_message,ACTION,insert, ""
2023-07-27T04:25:08.013938,2023-07-27 04:00:02.959897,False,110,0,0,0,0,on_message,ACTION,insert, ""
2023-07-27T04:25:08.055547,2023-07-27 04:00:02.959897,False,111,0,0,0,0,on_message,ACTION,insert, ""
2023-07-27T04:25:08.112584,2023-07-27 04:00:02.959897,False,112,0,0,0,0,on_message,ACTION,insert, ""
2023-07-27T04:25:11.292938,2023-07-27 04:00:02.959897,False,113,0,0,0,0,on_message,ACTION,insert, ""
2023-07-27T04:25:14.988391,2023-07-27 04:00:02.959897,False,113,0,0,0,0,on_pong,HEARTBEAT,response, "pong"
2023-07-27T04:25:18.680197,2023-07-27 04:00:02.959897,False,114,0,0,0,0,on_message,ACTION,insert, ""
2023-07-27T04:25:25.111459,2023-07-27 04:00:02.959897,False,114,0,0,0,0,on_pong,HEARTBEAT,response, "pong"
2023-07-27T04:25:34.946151,2023-07-27 04:00:02.959897,False,114,0,0,0,0,on_pong,HEARTBEAT,response, "pong"
2023-07-27T04:25:44.989435,2023-07-27 04:00:02.959897,False,114,0,0,0,0,on_pong,HEARTBEAT,response, "pong"
2023-07-27T04:25:55.213741,2023-07-27 04:00:02.959897,False,114,0,0,0,0,on_pong,HEARTBEAT,response, "pong"
2023-07-27T04:26:05.048304,2023-07-27 04:00:02.959897,False,114,0,0,0,0,on_pong,HEARTBEAT,response, "pong"
2023-07-27T04:26:15.181521,2023-07-27 04:00:02.959897,False,114,0,0,0,0,on_pong,HEARTBEAT,response, "pong"
2023-07-27T04:26:25.014944,2023-07-27 04:00:02.959897,False,114,0,0,0,0,on_pong,HEARTBEAT,response, "pong"
2023-07-27T04:26:35.152092,2023-07-27 04:00:02.959897,False,114,0,0,0,0,on_pong,HEARTBEAT,response, "pong"
2023-07-27T04:26:37.928051,2023-07-27 04:00:02.959897,False,115,0,0,0,0,on_message,ACTION,insert, ""
2023-07-27T04:26:41.295740,2023-07-27 04:00:02.959897,False,116,0,0,0,0,on_message,ACTION,insert, ""
2023-07-27T04:26:45.295354,2023-07-27 04:00:02.959897,False,116,0,0,0,0,on_pong,HEARTBEAT,response, "pong"
2023-07-27T04:26:55.123816,2023-07-27 04:00:02.959897,False,116,0,0,0,0,on_pong,HEARTBEAT,response, "pong"
2023-07-27T04:27:05.251879,2023-07-27 04:00:02.959897,False,116,0,0,0,0,on_pong,HEARTBEAT,response, "pong"
2023-07-27T04:27:15.086715,2023-07-27 04:00:02.959897,False,116,0,0,0,0,on_pong,HEARTBEAT,response, "pong"
2023-07-27T04:27:25.228809,2023-07-27 04:00:02.959897,False,116,0,0,0,0,on_pong,HEARTBEAT,response, "pong"
2023-07-27T04:27:35.161044,2023-07-27 04:00:02.959897,False,116,0,0,0,0,on_pong,HEARTBEAT,response, "pong"
2023-07-27T04:27:45.190958,2023-07-27 04:00:02.959897,False,116,0,0,0,0,on_pong,HEARTBEAT,response, "pong"
2023-07-27T04:27:55.322744,2023-07-27 04:00:02.959897,False,116,0,0,0,0,on_pong,HEARTBEAT,response, "pong"
2023-07-27T04:28:05.459910,2023-07-27 04:00:02.959897,False,116,0,0,0,0,on_pong,HEARTBEAT,response, "pong"
2023-07-27T04:28:15.304928,2023-07-27 04:00:02.959897,False,116,0,0,0,0,on_pong,HEARTBEAT,response, "pong"
2023-07-27T04:28:16.522806,2023-07-27 04:00:02.959897,False,117,0,0,0,0,on_message,ACTION,insert, ""
2023-07-27T04:28:16.700923,2023-07-27 04:00:02.959897,False,118,0,0,0,0,on_message,ACTION,insert, ""
2023-07-27T04:28:25.425725,2023-07-27 04:00:02.959897,False,118,0,0,0,0,on_pong,HEARTBEAT,response, "pong"
2023-07-27T04:28:33.421347,2023-07-27 04:00:02.959897,False,119,0,0,0,0,on_message,ACTION,insert, ""
2023-07-27T04:28:35.265530,2023-07-27 04:00:02.959897,False,119,0,0,0,0,on_pong,HEARTBEAT,response, "pong"
2023-07-27T04:28:45.409135,2023-07-27 04:00:02.959897,False,119,0,0,0,0,on_pong,HEARTBEAT,response, "pong"
2023-07-27T04:28:52.457855,2023-07-27 04:00:02.959897,False,120,0,0,0,0,on_message,ACTION,insert, ""
2023-07-27T04:28:55.228608,2023-07-27 04:00:02.959897,False,120,0,0,0,0,on_pong,HEARTBEAT,response, "pong"
2023-07-27T04:29:00.446086,2023-07-27 04:00:02.959897,False,121,0,0,0,0,on_message,ACTION,insert, ""
2023-07-27T04:29:00.758388,2023-07-27 04:00:02.959897,False,122,0,0,0,0,on_message,ACTION,insert, ""
2023-07-27T04:29:01.372335,2023-07-27 04:00:02.959897,False,123,0,0,0,0,on_message,ACTION,insert, ""
2023-07-27T04:29:04.750619,2023-07-27 04:00:02.959897,False,124,0,0,0,0,on_message,ACTION,insert, ""
2023-07-27T04:29:05.365622,2023-07-27 04:00:02.959897,False,124,0,0,0,0,on_pong,HEARTBEAT,response, "pong"
2023-07-27T04:29:07.526442,2023-07-27 04:00:02.959897,False,125,0,0,0,0,on_message,ACTION,insert, ""
2023-07-27T04:29:15.497950,2023-07-27 04:00:02.959897,False,125,0,0,0,0,on_pong,HEARTBEAT,response, "pong"
2023-07-27T04:29:17.350313,2023-07-27 04:00:02.959897,False,126,0,0,0,0,on_message,ACTION,insert, ""
2023-07-27T04:29:17.653399,2023-07-27 04:00:02.959897,False,127,0,0,0,0,on_message,ACTION,insert, ""
2023-07-27T04:29:18.575605,2023-07-27 04:00:02.959897,False,128,0,0,0,0,on_message,ACTION,insert, ""
2023-07-27T04:29:22.884784,2023-07-27 04:00:02.959897,False,129,0,0,0,0,on_message,ACTION,insert, ""
2023-07-27T04:29:25.341796,2023-07-27 04:00:02.959897,False,129,0,0,0,0,on_pong,HEARTBEAT,response, "pong"
2023-07-27T04:29:29.019539,2023-07-27 04:00:02.959897,False,130,0,0,0,0,on_message,ACTION,insert, ""
2023-07-27T04:29:31.476840,2023-07-27 04:00:02.959897,False,131,0,0,0,0,on_message,ACTION,insert, ""
2023-07-27T04:29:32.398004,2023-07-27 04:00:02.959897,False,132,0,0,0,0,on_message,ACTION,insert, ""
2023-07-27T04:29:35.468759,2023-07-27 04:00:02.959897,False,132,0,0,0,0,on_pong,HEARTBEAT,response, "pong"
2023-07-27T04:29:43.724279,2023-07-27 04:00:02.959897,False,133,0,0,0,0,on_message,ACTION,insert, ""
2023-07-27T04:29:45.298753,2023-07-27 04:00:02.959897,False,133,0,0,0,0,on_pong,HEARTBEAT,response, "pong"
2023-07-27T04:29:55.435922,2023-07-27 04:00:02.959897,False,133,0,0,0,0,on_pong,HEARTBEAT,response, "pong"
2023-07-27T04:30:05.574429,2023-07-27 04:00:02.959897,False,133,0,0,0,0,on_pong,HEARTBEAT,response, "pong"
2023-07-27T04:30:14.477003,2023-07-27 04:00:02.959897,False,134,0,0,0,0,on_message,ACTION,insert, ""
2023-07-27T04:30:15.399185,2023-07-27 04:00:02.959897,False,134,0,0,0,0,on_pong,HEARTBEAT,response, "pong"
2023-07-27T04:30:25.536427,2023-07-27 04:00:02.959897,False,134,0,0,0,0,on_pong,HEARTBEAT,response, "pong"
2023-07-27T04:30:35.371578,2023-07-27 04:00:02.959897,False,134,0,0,0,0,on_pong,HEARTBEAT,response, "pong"
2023-07-27T04:30:45.503675,2023-07-27 04:00:02.959897,False,134,0,0,0,0,on_pong,HEARTBEAT,response, "pong"
2023-07-27T04:30:55.640679,2023-07-27 04:00:02.959897,False,134,0,0,0,0,on_pong,HEARTBEAT,response, "pong"
2023-07-27T04:31:01.887118,2023-07-27 04:00:02.959897,False,135,0,0,0,0,on_message,ACTION,insert, ""
2023-07-27T04:31:05.166544,2023-07-27 04:00:02.959897,False,136,0,0,0,0,on_message,ACTION,insert, ""
2023-07-27T04:31:05.202858,2023-07-27 04:00:02.959897,False,137,0,0,0,0,on_message,ACTION,insert, ""
2023-07-27T04:31:05.481458,2023-07-27 04:00:02.959897,False,137,0,0,0,0,on_pong,HEARTBEAT,response, "pong"
2023-07-27T04:31:09.480800,2023-07-27 04:00:02.959897,False,138,0,0,0,0,on_message,ACTION,insert, ""
2023-07-27T04:31:15.618472,2023-07-27 04:00:02.959897,False,138,0,0,0,0,on_pong,HEARTBEAT,response, "pong"
2023-07-27T04:31:17.768877,2023-07-27 04:00:02.959897,False,139,0,0,0,0,on_message,ACTION,insert, ""
2023-07-27T04:31:25.453974,2023-07-27 04:00:02.959897,False,139,0,0,0,0,on_pong,HEARTBEAT,response, "pong"
2023-07-27T04:31:29.441850,2023-07-27 04:00:02.959897,False,140,0,0,0,0,on_message,ACTION,insert, ""
2023-07-27T04:31:35.575380,2023-07-27 04:00:02.959897,False,140,0,0,0,0,on_pong,HEARTBEAT,response, "pong"
2023-07-27T04:31:36.200403,2023-07-27 04:00:02.959897,False,141,0,0,0,0,on_message,ACTION,insert, ""
2023-07-27T04:31:45.404289,2023-07-27 04:00:02.959897,False,141,0,0,0,0,on_pong,HEARTBEAT,response, "pong"
2023-07-27T04:31:55.541500,2023-07-27 04:00:02.959897,False,141,0,0,0,0,on_pong,HEARTBEAT,response, "pong"
2023-07-27T04:32:05.684833,2023-07-27 04:00:02.959897,False,141,0,0,0,0,on_pong,HEARTBEAT,response, "pong"
2023-07-27T04:32:15.515138,2023-07-27 04:00:02.959897,False,141,0,0,0,0,on_pong,HEARTBEAT,response, "pong"
2023-07-27T04:32:20.439663,2023-07-27 04:00:02.959897,False,142,0,0,0,0,on_message,ACTION,insert, ""
2023-07-27T04:32:20.481658,2023-07-27 04:00:02.959897,False,143,0,0,0,0,on_message,ACTION,insert, ""
2023-07-27T04:32:20.533197,2023-07-27 04:00:02.959897,False,144,0,0,0,0,on_message,ACTION,insert, ""
2023-07-27T04:32:20.579337,2023-07-27 04:00:02.959897,False,145,0,0,0,0,on_message,ACTION,insert, ""
2023-07-27T04:32:25.645893,2023-07-27 04:00:02.959897,False,145,0,0,0,0,on_pong,HEARTBEAT,response, "pong"
2023-07-27T04:32:33.034474,2023-07-27 04:00:02.959897,False,146,0,0,0,0,on_message,ACTION,insert, ""
2023-07-27T04:32:35.487386,2023-07-27 04:00:02.959897,False,146,0,0,0,0,on_pong,HEARTBEAT,response, "pong"
2023-07-27T04:32:45.618403,2023-07-27 04:00:02.959897,False,146,0,0,0,0,on_pong,HEARTBEAT,response, "pong"
2023-07-27T04:32:55.761952,2023-07-27 04:00:02.959897,False,146,0,0,0,0,on_pong,HEARTBEAT,response, "pong"
2023-07-27T04:32:58.630126,2023-07-27 04:00:02.959897,False,147,0,0,0,0,on_message,ACTION,insert, ""
2023-07-27T04:33:05.585938,2023-07-27 04:00:02.959897,False,147,0,0,0,0,on_pong,HEARTBEAT,response, "pong"
2023-07-27T04:33:08.652401,2023-07-27 04:00:02.959897,False,148,0,0,0,0,on_message,ACTION,insert, ""
2023-07-27T04:33:09.272972,2023-07-27 04:00:02.959897,False,149,0,0,0,0,on_message,ACTION,insert, ""
2023-07-27T04:33:15.676241,2023-07-27 04:00:02.959897,False,149,0,0,0,0,on_pong,HEARTBEAT,response, "pong"
2023-07-27T04:33:25.548220,2023-07-27 04:00:02.959897,False,149,0,0,0,0,on_pong,HEARTBEAT,response, "pong"
2023-07-27T04:33:35.609672,2023-07-27 04:00:02.959897,False,149,0,0,0,0,on_pong,HEARTBEAT,response, "pong"
2023-07-27T04:33:37.842437,2023-07-27 04:00:02.959897,False,150,0,0,0,0,on_message,ACTION,insert, ""
2023-07-27T04:33:42.756493,2023-07-27 04:00:02.959897,False,151,0,0,0,0,on_message,ACTION,insert, ""
2023-07-27T04:33:42.798334,2023-07-27 04:00:02.959897,False,152,0,0,0,0,on_message,ACTION,insert, ""
2023-07-27T04:33:43.901507,2023-07-27 04:00:02.959897,False,153,0,0,0,0,on_message,ACTION,insert, ""
2023-07-27T04:33:44.288494,2023-07-27 04:00:02.959897,False,154,0,0,0,0,on_message,ACTION,insert, ""
2023-07-27T04:33:44.902683,2023-07-27 04:00:02.959897,False,155,0,0,0,0,on_message,ACTION,insert, ""
2023-07-27T04:33:44.943899,2023-07-27 04:00:02.959897,False,156,0,0,0,0,on_message,ACTION,insert, ""
2023-07-27T04:33:44.985668,2023-07-27 04:00:02.959897,False,157,0,0,0,0,on_message,ACTION,insert, ""
2023-07-27T04:33:45.828937,2023-07-27 04:00:02.959897,False,157,0,0,0,0,on_pong,HEARTBEAT,response, "pong"
2023-07-27T04:33:46.135965,2023-07-27 04:00:02.959897,False,158,0,0,0,0,on_message,ACTION,insert, ""
2023-07-27T04:33:46.438817,2023-07-27 04:00:02.959897,False,159,0,0,0,0,on_message,ACTION,insert, ""
2023-07-27T04:33:53.810210,2023-07-27 04:00:02.959897,False,160,0,0,0,0,on_message,ACTION,insert, ""
2023-07-27T04:33:55.658064,2023-07-27 04:00:02.959897,False,160,0,0,0,0,on_pong,HEARTBEAT,response, "pong"
2023-07-27T04:34:03.952357,2023-07-27 04:00:02.959897,False,161,0,0,0,0,on_message,ACTION,insert, ""
2023-07-27T04:34:05.806579,2023-07-27 04:00:02.959897,False,161,0,0,0,0,on_pong,HEARTBEAT,response, "pong"
2023-07-27T04:34:15.631858,2023-07-27 04:00:02.959897,False,161,0,0,0,0,on_pong,HEARTBEAT,response, "pong"
2023-07-27T04:34:21.771003,2023-07-27 04:00:02.959897,False,162,0,0,0,0,on_message,ACTION,insert, ""
2023-07-27T04:34:24.535686,2023-07-27 04:00:02.959897,False,163,0,0,0,0,on_message,ACTION,insert, ""
2023-07-27T04:34:25.769110,2023-07-27 04:00:02.959897,False,163,0,0,0,0,on_pong,HEARTBEAT,response, "pong"
2023-07-27T04:34:35.910283,2023-07-27 04:00:02.959897,False,163,0,0,0,0,on_pong,HEARTBEAT,response, "pong"
2023-07-27T04:34:45.726430,2023-07-27 04:00:02.959897,False,163,0,0,0,0,on_pong,HEARTBEAT,response, "pong"
2023-07-27T04:34:55.258516,2023-07-27 04:00:02.959897,False,164,0,0,0,0,on_message,ACTION,insert, ""
2023-07-27T04:34:55.874060,2023-07-27 04:00:02.959897,False,164,0,0,0,0,on_pong,HEARTBEAT,response, "pong"
2023-07-27T04:34:56.483288,2023-07-27 04:00:02.959897,False,165,0,0,0,0,on_message,ACTION,insert, ""
2023-07-27T04:34:58.320074,2023-07-27 04:00:02.959897,False,166,0,0,0,0,on_message,ACTION,insert, ""
2023-07-27T04:35:05.692619,2023-07-27 04:00:02.959897,False,166,0,0,0,0,on_pong,HEARTBEAT,response, "pong"
2023-07-27T04:35:06.323919,2023-07-27 04:00:02.959897,False,167,0,0,0,0,on_message,ACTION,insert, ""
2023-07-27T04:35:06.370863,2023-07-27 04:00:02.959897,False,168,0,0,0,0,on_message,ACTION,insert, ""
2023-07-27T04:35:06.422759,2023-07-27 04:00:02.959897,False,169,0,0,0,0,on_message,ACTION,insert, ""
2023-07-27T04:35:12.142875,2023-07-27 04:00:02.959897,False,170,0,0,0,0,on_message,ACTION,insert, ""
2023-07-27T04:35:15.836469,2023-07-27 04:00:02.959897,False,170,0,0,0,0,on_pong,HEARTBEAT,response, "pong"
2023-07-27T04:35:25.666552,2023-07-27 04:00:02.959897,False,170,0,0,0,0,on_pong,HEARTBEAT,response, "pong"
2023-07-27T04:35:25.974638,2023-07-27 04:00:02.959897,False,171,0,0,0,0,on_message,ACTION,insert, ""
2023-07-27T04:35:30.584529,2023-07-27 04:00:02.959897,False,172,0,0,0,0,on_message,ACTION,insert, ""
2023-07-27T04:35:35.803277,2023-07-27 04:00:02.959897,False,172,0,0,0,0,on_pong,HEARTBEAT,response, "pong"
2023-07-27T04:35:37.646898,2023-07-27 04:00:02.959897,False,173,0,0,0,0,on_message,ACTION,insert, ""
2023-07-27T04:35:37.690995,2023-07-27 04:00:02.959897,False,174,0,0,0,0,on_message,ACTION,insert, ""
2023-07-27T04:35:37.949049,2023-07-27 04:00:02.959897,False,175,0,0,0,0,on_message,ACTION,insert, ""
2023-07-27T04:35:43.187401,2023-07-27 04:00:02.959897,False,176,0,0,0,0,on_message,ACTION,insert, ""
2023-07-27T04:35:45.936132,2023-07-27 04:00:02.959897,False,176,0,0,0,0,on_pong,HEARTBEAT,response, "pong"
2023-07-27T04:35:46.248775,2023-07-27 04:00:02.959897,False,177,0,0,0,0,on_message,ACTION,insert, ""
2023-07-27T04:35:46.300153,2023-07-27 04:00:02.959897,False,178,0,0,0,0,on_message,ACTION,insert, ""
2023-07-27T04:35:48.399130,2023-07-27 04:00:02.959897,False,179,0,0,0,0,on_message,ACTION,insert, ""
2023-07-27T04:35:48.700777,2023-07-27 04:00:02.959897,False,180,0,0,0,0,on_message,ACTION,insert, ""
2023-07-27T04:35:49.315518,2023-07-27 04:00:02.959897,False,181,0,0,0,0,on_message,ACTION,insert, ""
2023-07-27T04:35:49.361909,2023-07-27 04:00:02.959897,False,182,0,0,0,0,on_message,ACTION,insert, ""
2023-07-27T04:35:49.418981,2023-07-27 04:00:02.959897,False,183,0,0,0,0,on_message,ACTION,insert, ""
2023-07-27T04:35:49.470545,2023-07-27 04:00:02.959897,False,184,0,0,0,0,on_message,ACTION,insert, ""
2023-07-27T04:35:49.506829,2023-07-27 04:00:02.959897,False,185,0,0,0,0,on_message,ACTION,insert, ""
2023-07-27T04:35:49.542973,2023-07-27 04:00:02.959897,False,186,0,0,0,0,on_message,ACTION,insert, ""
2023-07-27T04:35:52.090488,2023-07-27 04:00:02.959897,False,187,0,0,0,0,on_message,ACTION,insert, ""
2023-07-27T04:35:53.614858,2023-07-27 04:00:02.959897,False,188,0,0,0,0,on_message,ACTION,insert, ""
2023-07-27T04:35:55.780595,2023-07-27 04:00:02.959897,False,188,0,0,0,0,on_pong,HEARTBEAT,response, "pong"
2023-07-27T04:36:05.909031,2023-07-27 04:00:02.959897,False,188,0,0,0,0,on_pong,HEARTBEAT,response, "pong"
2023-07-27T04:36:15.739118,2023-07-27 04:00:02.959897,False,188,0,0,0,0,on_pong,HEARTBEAT,response, "pong"
2023-07-27T04:36:25.871227,2023-07-27 04:00:02.959897,False,188,0,0,0,0,on_pong,HEARTBEAT,response, "pong"
2023-07-27T04:36:36.011417,2023-07-27 04:00:02.959897,False,188,0,0,0,0,on_pong,HEARTBEAT,response, "pong"
2023-07-27T04:36:44.609118,2023-07-27 04:00:02.959897,False,189,0,0,0,0,on_message,ACTION,insert, ""
2023-07-27T04:36:44.645698,2023-07-27 04:00:02.959897,False,190,0,0,0,0,on_message,ACTION,insert, ""
2023-07-27T04:36:44.706229,2023-07-27 04:00:02.959897,False,191,0,0,0,0,on_message,ACTION,insert, ""
2023-07-27T04:36:45.848874,2023-07-27 04:00:02.959897,False,191,0,0,0,0,on_pong,HEARTBEAT,response, "pong"
2023-07-27T04:36:55.980116,2023-07-27 04:00:02.959897,False,191,0,0,0,0,on_pong,HEARTBEAT,response, "pong"
2023-07-27T04:37:03.665816,2023-07-27 04:00:02.959897,False,192,0,0,0,0,on_message,ACTION,insert, ""
2023-07-27T04:37:03.697197,2023-07-27 04:00:02.959897,False,193,0,0,0,0,on_message,ACTION,insert, ""
2023-07-27T04:37:03.733884,2023-07-27 04:00:02.959897,False,194,0,0,0,0,on_message,ACTION,insert, ""
2023-07-27T04:37:03.962306,2023-07-27 04:00:02.959897,False,195,0,0,0,0,on_message,ACTION,insert, ""
2023-07-27T04:37:04.286273,2023-07-27 04:00:02.959897,False,196,0,0,0,0,on_message,ACTION,insert, ""
2023-07-27T04:37:04.332433,2023-07-27 04:00:02.959897,False,197,0,0,0,0,on_message,ACTION,insert, ""
2023-07-27T04:37:04.368489,2023-07-27 04:00:02.959897,False,198,0,0,0,0,on_message,ACTION,insert, ""
2023-07-27T04:37:05.496536,2023-07-27 04:00:02.959897,False,199,0,0,0,0,on_message,ACTION,insert, ""
2023-07-27T04:37:05.542778,2023-07-27 04:00:02.959897,False,200,0,0,0,0,on_message,ACTION,insert, ""
2023-07-27T04:37:05.599826,2023-07-27 04:00:02.959897,False,201,0,0,0,0,on_message,ACTION,insert, ""
2023-07-27T04:37:05.805127,2023-07-27 04:00:02.959897,False,201,0,0,0,0,on_pong,HEARTBEAT,response, "pong"
2023-07-27T04:37:06.426176,2023-07-27 04:00:02.959897,False,202,0,0,0,0,on_message,ACTION,insert, ""
2023-07-27T04:37:06.472488,2023-07-27 04:00:02.959897,False,203,0,0,0,0,on_message,ACTION,insert, ""
2023-07-27T04:37:06.831252,2023-07-27 04:00:02.959897,False,204,0,0,0,0,on_message,ACTION,insert, ""
2023-07-27T04:37:06.872874,2023-07-27 04:00:02.959897,False,205,0,0,0,0,on_message,ACTION,insert, ""
2023-07-27T04:37:07.655001,2023-07-27 04:00:02.959897,False,206,0,0,0,0,on_message,ACTION,insert, ""
2023-07-27T04:37:14.934631,2023-07-27 04:00:02.959897,False,207,0,0,0,0,on_message,ACTION,insert, ""
2023-07-27T04:37:15.942748,2023-07-27 04:00:02.959897,False,207,0,0,0,0,on_pong,HEARTBEAT,response, "pong"
2023-07-27T04:37:26.081265,2023-07-27 04:00:02.959897,False,207,0,0,0,0,on_pong,HEARTBEAT,response, "pong"
2023-07-27T04:37:35.916581,2023-07-27 04:00:02.959897,False,207,0,0,0,0,on_pong,HEARTBEAT,response, "pong"
2023-07-27T04:37:39.910431,2023-07-27 04:00:02.959897,False,208,0,0,0,0,on_message,ACTION,insert, ""
2023-07-27T04:37:39.952121,2023-07-27 04:00:02.959897,False,209,0,0,0,0,on_message,ACTION,insert, ""
2023-07-27T04:37:39.998344,2023-07-27 04:00:02.959897,False,210,0,0,0,0,on_message,ACTION,insert, ""
2023-07-27T04:37:40.004114,2023-07-27 04:00:02.959897,False,211,0,0,0,0,on_message,ACTION,insert, ""
2023-07-27T04:37:46.048702,2023-07-27 04:00:02.959897,False,211,0,0,0,0,on_pong,HEARTBEAT,response, "pong"
2023-07-27T04:37:55.882954,2023-07-27 04:00:02.959897,False,211,0,0,0,0,on_pong,HEARTBEAT,response, "pong"
2023-07-27T04:38:06.016547,2023-07-27 04:00:02.959897,False,211,0,0,0,0,on_pong,HEARTBEAT,response, "pong"
2023-07-27T04:38:06.225564,2023-07-27 04:00:02.959897,False,212,0,0,0,0,on_message,ACTION,insert, ""
2023-07-27T04:38:07.682209,2023-07-27 04:00:02.959897,False,213,0,0,0,0,on_message,ACTION,insert, ""
2023-07-27T04:38:08.781460,2023-07-27 04:00:02.959897,False,214,0,0,0,0,on_message,ACTION,insert, ""
2023-07-27T04:38:13.393204,2023-07-27 04:00:02.959897,False,215,0,0,0,0,on_message,ACTION,insert, ""
2023-07-27T04:38:15.855816,2023-07-27 04:00:02.959897,False,215,0,0,0,0,on_pong,HEARTBEAT,response, "pong"
2023-07-27T04:38:25.984205,2023-07-27 04:00:02.959897,False,215,0,0,0,0,on_pong,HEARTBEAT,response, "pong"
2023-07-27T04:38:36.120486,2023-07-27 04:00:02.959897,False,215,0,0,0,0,on_pong,HEARTBEAT,response, "pong"
2023-07-27T04:38:45.957130,2023-07-27 04:00:02.959897,False,215,0,0,0,0,on_pong,HEARTBEAT,response, "pong"
2023-07-27T04:38:55.986757,2023-07-27 04:00:02.959897,False,215,0,0,0,0,on_pong,HEARTBEAT,response, "pong"
2023-07-27T04:39:05.924621,2023-07-27 04:00:02.959897,False,215,0,0,0,0,on_pong,HEARTBEAT,response, "pong"
2023-07-27T04:39:15.974953,2023-07-27 04:00:02.959897,False,215,0,0,0,0,on_pong,HEARTBEAT,response, "pong"
2023-07-27T04:39:19.718497,2023-07-27 04:00:02.959897,False,216,0,0,0,0,on_message,ACTION,insert, ""
2023-07-27T04:39:19.755114,2023-07-27 04:00:02.959897,False,217,0,0,0,0,on_message,ACTION,insert, ""
2023-07-27T04:39:19.801363,2023-07-27 04:00:02.959897,False,218,0,0,0,0,on_message,ACTION,insert, ""
2023-07-27T04:39:19.847519,2023-07-27 04:00:02.959897,False,219,0,0,0,0,on_message,ACTION,insert, ""
2023-07-27T04:39:19.894679,2023-07-27 04:00:02.959897,False,220,0,0,0,0,on_message,ACTION,insert, ""
2023-07-27T04:39:19.931154,2023-07-27 04:00:02.959897,False,221,0,0,0,0,on_message,ACTION,insert, ""
2023-07-27T04:39:19.972475,2023-07-27 04:00:02.959897,False,222,0,0,0,0,on_message,ACTION,insert, ""
2023-07-27T04:39:20.972658,2023-07-27 04:00:02.959897,False,223,0,0,0,0,on_message,ACTION,insert, ""
2023-07-27T04:39:22.209941,2023-07-27 04:00:02.959897,False,224,0,0,0,0,on_message,ACTION,insert, ""
2023-07-27T04:39:23.127525,2023-07-27 04:00:02.959897,False,225,0,0,0,0,on_message,ACTION,insert, ""
2023-07-27T04:39:26.203500,2023-07-27 04:00:02.959897,False,225,0,0,0,0,on_pong,HEARTBEAT,response, "pong"
2023-07-27T04:39:26.505515,2023-07-27 04:00:02.959897,False,226,0,0,0,0,on_message,ACTION,insert, ""
2023-07-27T04:39:29.579126,2023-07-27 04:00:02.959897,False,227,0,0,0,0,on_message,ACTION,insert, ""
2023-07-27T04:39:29.666081,2023-07-27 04:00:02.959897,False,228,0,0,0,0,on_message,ACTION,insert, ""
2023-07-27T04:39:29.707287,2023-07-27 04:00:02.959897,False,229,0,0,0,0,on_message,ACTION,insert, ""
2023-07-27T04:39:29.884690,2023-07-27 04:00:02.959897,False,230,0,0,0,0,on_message,ACTION,insert, ""
2023-07-27T04:39:29.920770,2023-07-27 04:00:02.959897,False,231,0,0,0,0,on_message,ACTION,insert, ""
2023-07-27T04:39:29.967306,2023-07-27 04:00:02.959897,False,232,0,0,0,0,on_message,ACTION,insert, ""
2023-07-27T04:39:30.025424,2023-07-27 04:00:02.959897,False,233,0,0,0,0,on_message,ACTION,insert, ""
2023-07-27T04:39:30.067216,2023-07-27 04:00:02.959897,False,234,0,0,0,0,on_message,ACTION,insert, ""
2023-07-27T04:39:31.681377,2023-07-27 04:00:02.959897,False,235,0,0,0,0,on_message,ACTION,insert, ""
2023-07-27T04:39:36.029976,2023-07-27 04:00:02.959897,False,235,0,0,0,0,on_pong,HEARTBEAT,response, "pong"
2023-07-27T04:39:43.407807,2023-07-27 04:00:02.959897,False,236,0,0,0,0,on_message,ACTION,insert, ""
2023-07-27T04:39:43.449330,2023-07-27 04:00:02.959897,False,237,0,0,0,0,on_message,ACTION,insert, ""
2023-07-27T04:39:46.175154,2023-07-27 04:00:02.959897,False,237,0,0,0,0,on_pong,HEARTBEAT,response, "pong"
2023-07-27T04:39:55.996138,2023-07-27 04:00:02.959897,False,237,0,0,0,0,on_pong,HEARTBEAT,response, "pong"
2023-07-27T04:40:03.677969,2023-07-27 04:00:02.959897,False,238,0,0,0,0,on_message,ACTION,insert, ""
2023-07-27T04:40:06.134967,2023-07-27 04:00:02.959897,False,238,0,0,0,0,on_pong,HEARTBEAT,response, "pong"
2023-07-27T04:40:16.266150,2023-07-27 04:00:02.959897,False,238,0,0,0,0,on_pong,HEARTBEAT,response, "pong"
2023-07-27T04:40:26.101337,2023-07-27 04:00:02.959897,False,238,0,0,0,0,on_pong,HEARTBEAT,response, "pong"
2023-07-27T04:40:36.234947,2023-07-27 04:00:02.959897,False,238,0,0,0,0,on_pong,HEARTBEAT,response, "pong"
2023-07-27T04:40:46.069042,2023-07-27 04:00:02.959897,False,238,0,0,0,0,on_pong,HEARTBEAT,response, "pong"
2023-07-27T04:40:56.202541,2023-07-27 04:00:02.959897,False,238,0,0,0,0,on_pong,HEARTBEAT,response, "pong"
2023-07-27T04:40:58.874519,2023-07-27 04:00:02.959897,False,239,0,0,0,0,on_message,ACTION,insert, ""
2023-07-27T04:41:06.031852,2023-07-27 04:00:02.959897,False,239,0,0,0,0,on_pong,HEARTBEAT,response, "pong"
2023-07-27T04:41:13.097473,2023-07-27 04:00:02.959897,False,240,0,0,0,0,on_message,ACTION,insert, ""
2023-07-27T04:41:16.175339,2023-07-27 04:00:02.959897,False,240,0,0,0,0,on_pong,HEARTBEAT,response, "pong"
2023-07-27T04:41:26.311716,2023-07-27 04:00:02.959897,False,240,0,0,0,0,on_pong,HEARTBEAT,response, "pong"
2023-07-27T04:41:36.152148,2023-07-27 04:00:02.959897,False,240,0,0,0,0,on_pong,HEARTBEAT,response, "pong"
2023-07-27T04:41:46.274401,2023-07-27 04:00:02.959897,False,240,0,0,0,0,on_pong,HEARTBEAT,response, "pong"
2023-07-27T04:41:56.104961,2023-07-27 04:00:02.959897,False,240,0,0,0,0,on_pong,HEARTBEAT,response, "pong"
2023-07-27T04:42:06.243471,2023-07-27 04:00:02.959897,False,240,0,0,0,0,on_pong,HEARTBEAT,response, "pong"
2023-07-27T04:42:16.385159,2023-07-27 04:00:02.959897,False,240,0,0,0,0,on_pong,HEARTBEAT,response, "pong"
2023-07-27T04:42:25.597132,2023-07-27 04:00:02.959897,False,241,0,0,0,0,on_message,ACTION,insert, ""
2023-07-27T04:42:26.216181,2023-07-27 04:00:02.959897,False,241,0,0,0,0,on_pong,HEARTBEAT,response, "pong"
2023-07-27T04:42:27.957036,2023-07-27 04:00:02.959897,False,242,0,0,0,0,on_message,ACTION,insert, ""
2023-07-27T04:42:28.003374,2023-07-27 04:00:02.959897,False,243,0,0,0,0,on_message,ACTION,insert, ""
2023-07-27T04:42:28.049507,2023-07-27 04:00:02.959897,False,244,0,0,0,0,on_message,ACTION,insert, ""
2023-07-27T04:42:28.111191,2023-07-27 04:00:02.959897,False,245,0,0,0,0,on_message,ACTION,insert, ""
2023-07-27T04:42:28.361814,2023-07-27 04:00:02.959897,False,246,0,0,0,0,on_message,ACTION,insert, ""
2023-07-27T04:42:36.352554,2023-07-27 04:00:02.959897,False,246,0,0,0,0,on_pong,HEARTBEAT,response, "pong"
2023-07-27T04:42:46.198368,2023-07-27 04:00:02.959897,False,246,0,0,0,0,on_pong,HEARTBEAT,response, "pong"
2023-07-27T04:42:56.319227,2023-07-27 04:00:02.959897,False,246,0,0,0,0,on_pong,HEARTBEAT,response, "pong"
2023-07-27T04:42:56.629187,2023-07-27 04:00:02.959897,False,247,0,0,0,0,on_message,ACTION,insert, ""
2023-07-27T04:43:06.453833,2023-07-27 04:00:02.959897,False,247,0,0,0,0,on_pong,HEARTBEAT,response, "pong"
2023-07-27T04:43:16.289535,2023-07-27 04:00:02.959897,False,247,0,0,0,0,on_pong,HEARTBEAT,response, "pong"
2023-07-27T04:43:26.426912,2023-07-27 04:00:02.959897,False,247,0,0,0,0,on_pong,HEARTBEAT,response, "pong"
2023-07-27T04:43:26.734806,2023-07-27 04:00:02.959897,False,248,0,0,0,0,on_message,ACTION,insert, ""
2023-07-27T04:43:26.781623,2023-07-27 04:00:02.959897,False,249,0,0,0,0,on_message,ACTION,insert, ""
2023-07-27T04:43:36.255929,2023-07-27 04:00:02.959897,False,249,0,0,0,0,on_pong,HEARTBEAT,response, "pong"
2023-07-27T04:43:46.388505,2023-07-27 04:00:02.959897,False,249,0,0,0,0,on_pong,HEARTBEAT,response, "pong"
2023-07-27T04:43:56.230106,2023-07-27 04:00:02.959897,False,249,0,0,0,0,on_pong,HEARTBEAT,response, "pong"
2023-07-27T04:44:06.357251,2023-07-27 04:00:02.959897,False,249,0,0,0,0,on_pong,HEARTBEAT,response, "pong"
2023-07-27T04:44:16.498664,2023-07-27 04:00:02.959897,False,249,0,0,0,0,on_pong,HEARTBEAT,response, "pong"
2023-07-27T04:44:26.329053,2023-07-27 04:00:02.959897,False,249,0,0,0,0,on_pong,HEARTBEAT,response, "pong"
2023-07-27T04:44:36.467830,2023-07-27 04:00:02.959897,False,249,0,0,0,0,on_pong,HEARTBEAT,response, "pong"
2023-07-27T04:44:46.297062,2023-07-27 04:00:02.959897,False,249,0,0,0,0,on_pong,HEARTBEAT,response, "pong"
2023-07-27T04:44:56.431346,2023-07-27 04:00:02.959897,False,249,0,0,0,0,on_pong,HEARTBEAT,response, "pong"
2023-07-27T04:45:04.729494,2023-07-27 04:00:02.959897,False,250,0,0,0,0,on_message,ACTION,insert, ""
2023-07-27T04:45:05.037801,2023-07-27 04:00:02.959897,False,251,0,0,0,0,on_message,ACTION,insert, ""
2023-07-27T04:45:05.079623,2023-07-27 04:00:02.959897,False,252,0,0,0,0,on_message,ACTION,insert, ""
2023-07-27T04:45:06.581998,2023-07-27 04:00:02.959897,False,252,0,0,0,0,on_pong,HEARTBEAT,response, "pong"
2023-07-27T04:45:16.407244,2023-07-27 04:00:02.959897,False,252,0,0,0,0,on_pong,HEARTBEAT,response, "pong"
2023-07-27T04:45:26.534556,2023-07-27 04:00:02.959897,False,252,0,0,0,0,on_pong,HEARTBEAT,response, "pong"
2023-07-27T04:45:36.370191,2023-07-27 04:00:02.959897,False,252,0,0,0,0,on_pong,HEARTBEAT,response, "pong"
2023-07-27T04:45:43.681238,2023-07-27 04:00:02.959897,False,253,0,0,0,0,on_message,ACTION,insert, ""
2023-07-27T04:45:45.831503,2023-07-27 04:00:02.959897,False,254,0,0,0,0,on_message,ACTION,insert, ""
2023-07-27T04:45:46.502349,2023-07-27 04:00:02.959897,False,254,0,0,0,0,on_pong,HEARTBEAT,response, "pong"
2023-07-27T04:45:53.757629,2023-07-27 04:00:02.959897,False,255,0,0,0,0,on_message,ACTION,insert, ""
2023-07-27T04:45:56.645288,2023-07-27 04:00:02.959897,False,255,0,0,0,0,on_pong,HEARTBEAT,response, "pong"
2023-07-27T04:46:02.476164,2023-07-27 04:00:02.959897,False,256,0,0,0,0,on_message,ACTION,insert, ""
2023-07-27T04:46:05.243202,2023-07-27 04:00:02.959897,False,257,0,0,0,0,on_message,ACTION,insert, ""
2023-07-27T04:46:06.374294,2023-07-27 04:00:02.959897,False,257,0,0,0,0,on_pong,HEARTBEAT,response, "pong"
2023-07-27T04:46:07.392331,2023-07-27 04:00:02.959897,False,258,0,0,0,0,on_message,ACTION,insert, ""
2023-07-27T04:46:12.006611,2023-07-27 04:00:02.959897,False,259,0,0,0,0,on_message,ACTION,insert, ""
2023-07-27T04:46:16.546455,2023-07-27 04:00:02.959897,False,259,0,0,0,0,on_pong,HEARTBEAT,response, "pong"
2023-07-27T04:46:26.444551,2023-07-27 04:00:02.959897,False,259,0,0,0,0,on_pong,HEARTBEAT,response, "pong"
2023-07-27T04:46:36.573133,2023-07-27 04:00:02.959897,False,259,0,0,0,0,on_pong,HEARTBEAT,response, "pong"
2023-07-27T04:46:46.629498,2023-07-27 04:00:02.959897,False,259,0,0,0,0,on_pong,HEARTBEAT,response, "pong"
2023-07-27T04:46:56.548744,2023-07-27 04:00:02.959897,False,259,0,0,0,0,on_pong,HEARTBEAT,response, "pong"
2023-07-27T04:46:57.779120,2023-07-27 04:00:02.959897,False,260,0,0,0,0,on_message,ACTION,insert, ""
2023-07-27T04:46:59.011880,2023-07-27 04:00:02.959897,False,261,0,0,0,0,on_message,ACTION,insert, ""
2023-07-27T04:46:59.308286,2023-07-27 04:00:02.959897,False,262,0,0,0,0,on_message,ACTION,insert, ""
2023-07-27T04:46:59.354778,2023-07-27 04:00:02.959897,False,263,0,0,0,0,on_message,ACTION,insert, ""
2023-07-27T04:46:59.400909,2023-07-27 04:00:02.959897,False,264,0,0,0,0,on_message,ACTION,insert, ""
2023-07-27T04:46:59.442054,2023-07-27 04:00:02.959897,False,265,0,0,0,0,on_message,ACTION,insert, ""
2023-07-27T04:46:59.483331,2023-07-27 04:00:02.959897,False,266,0,0,0,0,on_message,ACTION,insert, ""
2023-07-27T04:46:59.539539,2023-07-27 04:00:02.959897,False,267,0,0,0,0,on_message,ACTION,insert, ""
2023-07-27T04:46:59.591733,2023-07-27 04:00:02.959897,False,268,0,0,0,0,on_message,ACTION,insert, ""
2023-07-27T04:47:03.307602,2023-07-27 04:00:02.959897,False,269,0,0,0,0,on_message,ACTION,insert, ""
2023-07-27T04:47:06.685987,2023-07-27 04:00:02.959897,False,269,0,0,0,0,on_pong,HEARTBEAT,response, "pong"
2023-07-27T04:47:12.216047,2023-07-27 04:00:02.959897,False,270,0,0,0,0,on_message,ACTION,insert, ""
2023-07-27T04:47:16.522616,2023-07-27 04:00:02.959897,False,270,0,0,0,0,on_pong,HEARTBEAT,response, "pong"
2023-07-27T04:47:26.649240,2023-07-27 04:00:02.959897,False,270,0,0,0,0,on_pong,HEARTBEAT,response, "pong"
2023-07-27T04:47:36.495811,2023-07-27 04:00:02.959897,False,270,0,0,0,0,on_pong,HEARTBEAT,response, "pong"
2023-07-27T04:47:46.617901,2023-07-27 04:00:02.959897,False,270,0,0,0,0,on_pong,HEARTBEAT,response, "pong"
2023-07-27T04:47:56.760534,2023-07-27 04:00:02.959897,False,270,0,0,0,0,on_pong,HEARTBEAT,response, "pong"
2023-07-27T04:48:06.585659,2023-07-27 04:00:02.959897,False,270,0,0,0,0,on_pong,HEARTBEAT,response, "pong"
2023-07-27T04:48:10.170623,2023-07-27 04:00:02.959897,False,271,0,0,0,0,on_message,ACTION,insert, ""
2023-07-27T04:48:16.727390,2023-07-27 04:00:02.959897,False,271,0,0,0,0,on_pong,HEARTBEAT,response, "pong"
2023-07-27T04:48:26.558890,2023-07-27 04:00:02.959897,False,271,0,0,0,0,on_pong,HEARTBEAT,response, "pong"
2023-07-27T04:48:36.705379,2023-07-27 04:00:02.959897,False,271,0,0,0,0,on_pong,HEARTBEAT,response, "pong"
2023-07-27T04:48:46.844173,2023-07-27 04:00:02.959897,False,271,0,0,0,0,on_pong,HEARTBEAT,response, "pong"
2023-07-27T04:48:56.669365,2023-07-27 04:00:02.959897,False,271,0,0,0,0,on_pong,HEARTBEAT,response, "pong"
2023-07-27T04:49:06.795370,2023-07-27 04:00:02.959897,False,271,0,0,0,0,on_pong,HEARTBEAT,response, "pong"
2023-07-27T04:49:16.637210,2023-07-27 04:00:02.959897,False,271,0,0,0,0,on_pong,HEARTBEAT,response, "pong"
2023-07-27T04:49:26.770116,2023-07-27 04:00:02.959897,False,271,0,0,0,0,on_pong,HEARTBEAT,response, "pong"
2023-07-27T04:49:36.900871,2023-07-27 04:00:02.959897,False,271,0,0,0,0,on_pong,HEARTBEAT,response, "pong"
2023-07-27T04:49:46.732454,2023-07-27 04:00:02.959897,False,271,0,0,0,0,on_pong,HEARTBEAT,response, "pong"
2023-07-27T04:49:56.880203,2023-07-27 04:00:02.959897,False,271,0,0,0,0,on_pong,HEARTBEAT,response, "pong"
2023-07-27T04:50:06.705139,2023-07-27 04:00:02.959897,False,271,0,0,0,0,on_pong,HEARTBEAT,response, "pong"
2023-07-27T04:50:08.553697,2023-07-27 04:00:02.959897,False,272,0,0,0,0,on_message,ACTION,insert, ""
2023-07-27T04:50:08.610890,2023-07-27 04:00:02.959897,False,273,0,0,0,0,on_message,ACTION,insert, ""
2023-07-27T04:50:13.868942,2023-07-27 04:00:02.959897,False,274,0,0,0,0,on_message,ACTION,insert, ""
2023-07-27T04:50:16.842959,2023-07-27 04:00:02.959897,False,274,0,0,0,0,on_pong,HEARTBEAT,response, "pong"
2023-07-27T04:50:26.620246,2023-07-27 04:00:02.959897,False,274,0,0,0,0,on_pong,HEARTBEAT,response, "pong"
2023-07-27T04:50:36.815756,2023-07-27 04:00:02.959897,False,274,0,0,0,0,on_pong,HEARTBEAT,response, "pong"
2023-07-27T04:50:46.876330,2023-07-27 04:00:02.959897,False,274,0,0,0,0,on_pong,HEARTBEAT,response, "pong"
2023-07-27T04:50:56.783051,2023-07-27 04:00:02.959897,False,274,0,0,0,0,on_pong,HEARTBEAT,response, "pong"
2023-07-27T04:51:06.916301,2023-07-27 04:00:02.959897,False,274,0,0,0,0,on_pong,HEARTBEAT,response, "pong"
2023-07-27T04:51:16.745242,2023-07-27 04:00:02.959897,False,274,0,0,0,0,on_pong,HEARTBEAT,response, "pong"
2023-07-27T04:51:26.878679,2023-07-27 04:00:02.959897,False,274,0,0,0,0,on_pong,HEARTBEAT,response, "pong"
2023-07-27T04:51:30.887049,2023-07-27 04:00:02.959897,False,275,0,0,0,0,on_message,ACTION,insert, ""
2023-07-27T04:51:37.037604,2023-07-27 04:00:02.959897,False,275,0,0,0,0,on_pong,HEARTBEAT,response, "pong"
2023-07-27T04:51:46.857306,2023-07-27 04:00:02.959897,False,275,0,0,0,0,on_pong,HEARTBEAT,response, "pong"
2023-07-27T04:51:56.994739,2023-07-27 04:00:02.959897,False,275,0,0,0,0,on_pong,HEARTBEAT,response, "pong"
2023-07-27T04:52:06.814695,2023-07-27 04:00:02.959897,False,275,0,0,0,0,on_pong,HEARTBEAT,response, "pong"
2023-07-27T04:52:16.962735,2023-07-27 04:00:02.959897,False,275,0,0,0,0,on_pong,HEARTBEAT,response, "pong"
2023-07-27T04:52:26.173102,2023-07-27 04:00:02.959897,False,276,0,0,0,0,on_message,ACTION,insert, ""
2023-07-27T04:52:26.787892,2023-07-27 04:00:02.959897,False,276,0,0,0,0,on_pong,HEARTBEAT,response, "pong"
2023-07-27T04:52:36.924001,2023-07-27 04:00:02.959897,False,276,0,0,0,0,on_pong,HEARTBEAT,response, "pong"
2023-07-27T04:52:43.650564,2023-07-27 04:00:02.959897,False,277,0,0,0,0,on_message,ACTION,insert, ""
2023-07-27T04:52:44.599517,2023-07-27 04:00:02.959897,False,278,0,0,0,0,on_message,ACTION,insert, ""
2023-07-27T04:52:44.645782,2023-07-27 04:00:02.959897,False,279,0,0,0,0,on_message,ACTION,insert, ""
2023-07-27T04:52:44.687036,2023-07-27 04:00:02.959897,False,280,0,0,0,0,on_message,ACTION,insert, ""
2023-07-27T04:52:47.061647,2023-07-27 04:00:02.959897,False,280,0,0,0,0,on_pong,HEARTBEAT,response, "pong"
2023-07-27T04:52:55.045105,2023-07-27 04:00:02.959897,False,281,0,0,0,0,on_message,ACTION,insert, ""
2023-07-27T04:52:55.092013,2023-07-27 04:00:02.959897,False,282,0,0,0,0,on_message,ACTION,insert, ""
2023-07-27T04:52:56.891995,2023-07-27 04:00:02.959897,False,282,0,0,0,0,on_pong,HEARTBEAT,response, "pong"
2023-07-27T04:53:07.036146,2023-07-27 04:00:02.959897,False,282,0,0,0,0,on_pong,HEARTBEAT,response, "pong"
2023-07-27T04:53:16.871443,2023-07-27 04:00:02.959897,False,282,0,0,0,0,on_pong,HEARTBEAT,response, "pong"
2023-07-27T04:53:26.992312,2023-07-27 04:00:02.959897,False,282,0,0,0,0,on_pong,HEARTBEAT,response, "pong"
2023-07-27T04:53:37.141192,2023-07-27 04:00:02.959897,False,282,0,0,0,0,on_pong,HEARTBEAT,response, "pong"
2023-07-27T04:53:46.966914,2023-07-27 04:00:02.959897,False,282,0,0,0,0,on_pong,HEARTBEAT,response, "pong"
2023-07-27T04:53:50.039427,2023-07-27 04:00:02.959897,False,283,0,0,0,0,on_message,ACTION,insert, ""
2023-07-27T04:53:50.081463,2023-07-27 04:00:02.959897,False,284,0,0,0,0,on_message,ACTION,insert, ""
2023-07-27T04:53:57.097810,2023-07-27 04:00:02.959897,False,284,0,0,0,0,on_pong,HEARTBEAT,response, "pong"
2023-07-27T04:53:57.411543,2023-07-27 04:00:02.959897,False,285,0,0,0,0,on_message,ACTION,insert, ""
2023-07-27T04:54:06.929341,2023-07-27 04:00:02.959897,False,285,0,0,0,0,on_pong,HEARTBEAT,response, "pong"
2023-07-27T04:54:08.792798,2023-07-27 04:00:02.959897,False,286,0,0,0,0,on_message,ACTION,insert, ""
2023-07-27T04:54:10.933617,2023-07-27 04:00:02.959897,False,287,0,0,0,0,on_message,ACTION,insert, ""
2023-07-27T04:54:11.746715,2023-07-27 04:00:02.959897,False,288,0,0,0,0,on_message,ACTION,insert, ""
2023-07-27T04:54:17.077006,2023-07-27 04:00:02.959897,False,288,0,0,0,0,on_pong,HEARTBEAT,response, "pong"
2023-07-27T04:54:22.288628,2023-07-27 04:00:02.959897,False,289,0,0,0,0,on_message,ACTION,insert, ""
2023-07-27T04:54:22.924876,2023-07-27 04:00:02.959897,False,290,0,0,0,0,on_message,ACTION,insert, ""
2023-07-27T04:54:25.074835,2023-07-27 04:00:02.959897,False,291,0,0,0,0,on_message,ACTION,insert, ""
2023-07-27T04:54:27.209765,2023-07-27 04:00:02.959897,False,291,0,0,0,0,on_pong,HEARTBEAT,response, "pong"
2023-07-27T04:54:37.050432,2023-07-27 04:00:02.959897,False,291,0,0,0,0,on_pong,HEARTBEAT,response, "pong"
2023-07-27T04:54:47.177606,2023-07-27 04:00:02.959897,False,291,0,0,0,0,on_pong,HEARTBEAT,response, "pong"
2023-07-27T04:54:55.989778,2023-07-27 04:00:02.959897,False,292,0,0,0,0,on_message,ACTION,insert, ""
2023-07-27T04:54:57.011746,2023-07-27 04:00:02.959897,False,292,0,0,0,0,on_pong,HEARTBEAT,response, "pong"
2023-07-27T04:55:05.916094,2023-07-27 04:00:02.959897,False,293,0,0,0,0,on_message,ACTION,insert, ""
2023-07-27T04:55:06.531115,2023-07-27 04:00:02.959897,False,294,0,0,0,0,on_message,ACTION,insert, ""
2023-07-27T04:55:07.145593,2023-07-27 04:00:02.959897,False,294,0,0,0,0,on_pong,HEARTBEAT,response, "pong"
2023-07-27T04:55:16.664239,2023-07-27 04:00:02.959897,False,295,0,0,0,0,on_message,ACTION,insert, ""
2023-07-27T04:55:16.975858,2023-07-27 04:00:02.959897,False,295,0,0,0,0,on_pong,HEARTBEAT,response, "pong"
2023-07-27T04:55:21.890228,2023-07-27 04:00:02.959897,False,296,0,0,0,0,on_message,ACTION,insert, ""
2023-07-27T04:55:27.107008,2023-07-27 04:00:02.959897,False,296,0,0,0,0,on_pong,HEARTBEAT,response, "pong"
2023-07-27T04:55:29.887634,2023-07-27 04:00:02.959897,False,297,0,0,0,0,on_message,ACTION,insert, ""
2023-07-27T04:55:37.244544,2023-07-27 04:00:02.959897,False,297,0,0,0,0,on_pong,HEARTBEAT,response, "pong"
2023-07-27T04:55:43.092372,2023-07-27 04:00:02.959897,False,298,0,0,0,0,on_message,ACTION,insert, ""
2023-07-27T04:55:47.081427,2023-07-27 04:00:02.959897,False,298,0,0,0,0,on_pong,HEARTBEAT,response, "pong"
2023-07-27T04:55:57.213839,2023-07-27 04:00:02.959897,False,298,0,0,0,0,on_pong,HEARTBEAT,response, "pong"
2023-07-27T04:56:07.044021,2023-07-27 04:00:02.959897,False,298,0,0,0,0,on_pong,HEARTBEAT,response, "pong"
2023-07-27T04:56:17.185519,2023-07-27 04:00:02.959897,False,298,0,0,0,0,on_pong,HEARTBEAT,response, "pong"
2023-07-27T04:56:27.013867,2023-07-27 04:00:02.959897,False,299,0,0,0,0,on_message,ACTION,insert, ""
2023-07-27T04:56:27.323182,2023-07-27 04:00:02.959897,False,299,0,0,0,0,on_pong,HEARTBEAT,response, "pong"
2023-07-27T04:56:37.149738,2023-07-27 04:00:02.959897,False,299,0,0,0,0,on_pong,HEARTBEAT,response, "pong"
2023-07-27T04:56:47.287342,2023-07-27 04:00:02.959897,False,299,0,0,0,0,on_pong,HEARTBEAT,response, "pong"
2023-07-27T04:56:57.122579,2023-07-27 04:00:02.959897,False,299,0,0,0,0,on_pong,HEARTBEAT,response, "pong"
2023-07-27T04:57:07.255040,2023-07-27 04:00:02.959897,False,299,0,0,0,0,on_pong,HEARTBEAT,response, "pong"
2023-07-27T04:57:17.395268,2023-07-27 04:00:02.959897,False,299,0,0,0,0,on_pong,HEARTBEAT,response, "pong"
2023-07-27T04:57:17.708371,2023-07-27 04:00:02.959897,False,300,0,0,0,0,on_message,ACTION,insert, ""
2023-07-27T04:57:18.328443,2023-07-27 04:00:02.959897,False,301,0,0,0,0,on_message,ACTION,insert, ""
2023-07-27T04:57:27.226756,2023-07-27 04:00:02.959897,False,301,0,0,0,0,on_pong,HEARTBEAT,response, "pong"
2023-07-27T04:57:37.368142,2023-07-27 04:00:02.959897,False,301,0,0,0,0,on_pong,HEARTBEAT,response, "pong"
2023-07-27T04:57:42.898230,2023-07-27 04:00:02.959897,False,302,0,0,0,0,on_message,ACTION,insert, ""
2023-07-27T04:57:47.216241,2023-07-27 04:00:02.959897,False,302,0,0,0,0,on_pong,HEARTBEAT,response, "pong"
2023-07-27T04:57:49.982634,2023-07-27 04:00:02.959897,False,303,0,0,0,0,on_message,ACTION,insert, ""
2023-07-27T04:57:50.029059,2023-07-27 04:00:02.959897,False,304,0,0,0,0,on_message,ACTION,insert, ""
2023-07-27T04:57:50.075438,2023-07-27 04:00:02.959897,False,305,0,0,0,0,on_message,ACTION,insert, ""
2023-07-27T04:57:50.132074,2023-07-27 04:00:02.959897,False,306,0,0,0,0,on_message,ACTION,insert, ""
2023-07-27T04:57:50.178997,2023-07-27 04:00:02.959897,False,307,0,0,0,0,on_message,ACTION,insert, ""
2023-07-27T04:57:50.220365,2023-07-27 04:00:02.959897,False,308,0,0,0,0,on_message,ACTION,insert, ""
2023-07-27T04:57:50.581122,2023-07-27 04:00:02.959897,False,309,0,0,0,0,on_message,ACTION,insert, ""
2023-07-27T04:57:52.428398,2023-07-27 04:00:02.959897,False,310,0,0,0,0,on_message,ACTION,insert, ""
2023-07-27T04:57:53.351639,2023-07-27 04:00:02.959897,False,311,0,0,0,0,on_message,ACTION,insert, ""
2023-07-27T04:57:57.242405,2023-07-27 04:00:02.959897,False,311,0,0,0,0,on_pong,HEARTBEAT,response, "pong"
2023-07-27T04:58:07.480821,2023-07-27 04:00:02.959897,False,311,0,0,0,0,on_pong,HEARTBEAT,response, "pong"
2023-07-27T04:58:07.687036,2023-07-27 04:00:02.959897,False,312,0,0,0,0,on_message,ACTION,insert, ""
2023-07-27T04:58:12.103627,2023-07-27 04:00:02.959897,False,313,0,0,0,0,on_message,ACTION,insert, ""
2023-07-27T04:58:12.397288,2023-07-27 04:00:02.959897,False,314,0,0,0,0,on_message,ACTION,insert, ""
2023-07-27T04:58:12.443603,2023-07-27 04:00:02.959897,False,315,0,0,0,0,on_message,ACTION,insert, ""
2023-07-27T04:58:17.322528,2023-07-27 04:00:02.959897,False,315,0,0,0,0,on_pong,HEARTBEAT,response, "pong"
2023-07-27T04:58:27.453030,2023-07-27 04:00:02.959897,False,315,0,0,0,0,on_pong,HEARTBEAT,response, "pong"
2023-07-27T04:58:37.295801,2023-07-27 04:00:02.959897,False,315,0,0,0,0,on_pong,HEARTBEAT,response, "pong"
2023-07-27T04:58:47.425508,2023-07-27 04:00:02.959897,False,315,0,0,0,0,on_pong,HEARTBEAT,response, "pong"
2023-07-27T04:58:57.261715,2023-07-27 04:00:02.959897,False,315,0,0,0,0,on_pong,HEARTBEAT,response, "pong"
2023-07-27T04:59:07.396657,2023-07-27 04:00:02.959897,False,315,0,0,0,0,on_pong,HEARTBEAT,response, "pong"
2023-07-27T04:59:17.547543,2023-07-27 04:00:02.959897,False,315,0,0,0,0,on_pong,HEARTBEAT,response, "pong"
2023-07-27T04:59:27.374843,2023-07-27 04:00:02.959897,False,315,0,0,0,0,on_pong,HEARTBEAT,response, "pong"
2023-07-27T04:59:37.508117,2023-07-27 04:00:02.959897,False,315,0,0,0,0,on_pong,HEARTBEAT,response, "pong"
2023-07-27T04:59:47.341765,2023-07-27 04:00:02.959897,False,315,0,0,0,0,on_pong,HEARTBEAT,response, "pong"
2023-07-27T04:59:57.484909,2023-07-27 04:00:02.959897,False,315,0,0,0,0,on_pong,HEARTBEAT,response, "pong"
2023-07-27T04:59:58.831450,2023-07-27 04:00:02.959897,False,316,0,0,0,0,on_message,ACTION,insert, ""
2023-07-27T05:00:07.631007,2023-07-27 04:00:02.959897,False,316,0,0,0,0,on_pong,HEARTBEAT,response, "pong"
2023-07-27T05:00:08.547706,2023-07-27 04:00:02.959897,False,317,0,0,0,0,on_message,ACTION,insert, ""
2023-07-27T05:00:17.458012,2023-07-27 04:00:02.959897,False,317,0,0,0,0,on_pong,HEARTBEAT,response, "pong"
2023-07-27T05:00:27.596100,2023-07-27 04:00:02.959897,False,317,0,0,0,0,on_pong,HEARTBEAT,response, "pong"
2023-07-27T05:00:37.424440,2023-07-27 04:00:02.959897,False,317,0,0,0,0,on_pong,HEARTBEAT,response, "pong"
2023-07-27T05:00:47.562863,2023-07-27 04:00:02.959897,False,317,0,0,0,0,on_pong,HEARTBEAT,response, "pong"
2023-07-27T05:00:57.411078,2023-07-27 04:00:02.959897,False,317,0,0,0,0,on_pong,HEARTBEAT,response, "pong"
2023-07-27T05:01:03.233243,2023-07-27 04:00:02.959897,False,318,0,0,0,0,on_message,ACTION,insert, ""
2023-07-27T05:01:07.243344,2023-07-27 04:00:02.959897,False,319,0,0,0,0,on_message,ACTION,insert, ""
2023-07-27T05:01:07.535447,2023-07-27 04:00:02.959897,False,319,0,0,0,0,on_pong,HEARTBEAT,response, "pong"
2023-07-27T05:01:17.673896,2023-07-27 04:00:02.959897,False,320,0,0,0,0,on_message,ACTION,insert, ""
2023-07-27T05:01:17.725082,2023-07-27 04:00:02.959897,False,320,0,0,0,0,on_pong,HEARTBEAT,response, "pong"
2023-07-27T05:01:27.511784,2023-07-27 04:00:02.959897,False,320,0,0,0,0,on_pong,HEARTBEAT,response, "pong"
2023-07-27T05:01:33.651903,2023-07-27 04:00:02.959897,False,321,0,0,0,0,on_message,ACTION,insert, ""
2023-07-27T05:01:33.693129,2023-07-27 04:00:02.959897,False,322,0,0,0,0,on_message,ACTION,insert, ""
2023-07-27T05:01:37.653733,2023-07-27 04:00:02.959897,False,322,0,0,0,0,on_pong,HEARTBEAT,response, "pong"
2023-07-27T05:01:47.498039,2023-07-27 04:00:02.959897,False,322,0,0,0,0,on_pong,HEARTBEAT,response, "pong"
2023-07-27T05:01:50.555765,2023-07-27 04:00:02.959897,False,323,0,0,0,0,on_message,ACTION,insert, ""
2023-07-27T05:01:55.470323,2023-07-27 04:00:02.959897,False,324,0,0,0,0,on_message,ACTION,insert, ""
2023-07-27T05:01:57.006625,2023-07-27 04:00:02.959897,False,325,0,0,0,0,on_message,ACTION,insert, ""
2023-07-27T05:01:57.615750,2023-07-27 04:00:02.959897,False,325,0,0,0,0,on_pong,HEARTBEAT,response, "pong"
2023-07-27T05:02:02.537129,2023-07-27 04:00:02.959897,False,326,0,0,0,0,on_message,ACTION,insert, ""
2023-07-27T05:02:07.752662,2023-07-27 04:00:02.959897,False,326,0,0,0,0,on_pong,HEARTBEAT,response, "pong"
2023-07-27T05:02:16.373349,2023-07-27 04:00:02.959897,False,327,0,0,0,0,on_message,ACTION,insert, ""
2023-07-27T05:02:17.593611,2023-07-27 04:00:02.959897,False,327,0,0,0,0,on_pong,HEARTBEAT,response, "pong"
2023-07-27T05:02:27.731107,2023-07-27 04:00:02.959897,False,327,0,0,0,0,on_pong,HEARTBEAT,response, "pong"
2023-07-27T05:02:37.562983,2023-07-27 04:00:02.959897,False,327,0,0,0,0,on_pong,HEARTBEAT,response, "pong"
2023-07-27T05:02:47.707221,2023-07-27 04:00:02.959897,False,327,0,0,0,0,on_pong,HEARTBEAT,response, "pong"
2023-07-27T05:02:57.533938,2023-07-27 04:00:02.959897,False,327,0,0,0,0,on_pong,HEARTBEAT,response, "pong"
2023-07-27T05:03:07.669221,2023-07-27 04:00:02.959897,False,327,0,0,0,0,on_pong,HEARTBEAT,response, "pong"
2023-07-27T05:03:17.806896,2023-07-27 04:00:02.959897,False,327,0,0,0,0,on_pong,HEARTBEAT,response, "pong"
2023-07-27T05:03:27.648811,2023-07-27 04:00:02.959897,False,327,0,0,0,0,on_pong,HEARTBEAT,response, "pong"
2023-07-27T05:03:35.333214,2023-07-27 04:00:02.959897,False,328,0,0,0,0,on_message,ACTION,insert, ""
2023-07-27T05:03:35.375155,2023-07-27 04:00:02.959897,False,329,0,0,0,0,on_message,ACTION,insert, ""
2023-07-27T05:03:35.417058,2023-07-27 04:00:02.959897,False,330,0,0,0,0,on_message,ACTION,insert, ""
2023-07-27T05:03:35.473514,2023-07-27 04:00:02.959897,False,331,0,0,0,0,on_message,ACTION,insert, ""
2023-07-27T05:03:35.519738,2023-07-27 04:00:02.959897,False,332,0,0,0,0,on_message,ACTION,insert, ""
2023-07-27T05:03:35.540395,2023-07-27 04:00:02.959897,False,333,0,0,0,0,on_message,ACTION,insert, ""
2023-07-27T05:03:35.639520,2023-07-27 04:00:02.959897,False,334,0,0,0,0,on_message,ACTION,insert, ""
2023-07-27T05:03:37.787845,2023-07-27 04:00:02.959897,False,334,0,0,0,0,on_pong,HEARTBEAT,response, "pong"
2023-07-27T05:03:45.634568,2023-07-27 04:00:02.959897,False,335,0,0,0,0,on_message,ACTION,insert, ""
2023-07-27T05:03:47.586390,2023-07-27 04:00:02.959897,False,335,0,0,0,0,on_pong,HEARTBEAT,response, "pong"
2023-07-27T05:03:47.923517,2023-07-27 04:00:02.959897,False,336,0,0,0,0,on_message,ACTION,insert, ""
2023-07-27T05:03:51.000115,2023-07-27 04:00:02.959897,False,337,0,0,0,0,on_message,ACTION,insert, ""
2023-07-27T05:03:54.374176,2023-07-27 04:00:02.959897,False,338,0,0,0,0,on_message,ACTION,insert, ""
2023-07-27T05:03:55.700229,2023-07-27 04:00:02.959897,False,339,0,0,0,0,on_message,ACTION,insert, ""
2023-07-27T05:03:57.753463,2023-07-27 04:00:02.959897,False,339,0,0,0,0,on_pong,HEARTBEAT,response, "pong"
2023-07-27T05:03:58.989352,2023-07-27 04:00:02.959897,False,340,0,0,0,0,on_message,ACTION,insert, ""
2023-07-27T05:04:00.218419,2023-07-27 04:00:02.959897,False,341,0,0,0,0,on_message,ACTION,insert, ""
2023-07-27T05:04:02.364010,2023-07-27 04:00:02.959897,False,342,0,0,0,0,on_message,ACTION,insert, ""
2023-07-27T05:04:04.218890,2023-07-27 04:00:02.959897,False,342,0,0,0,0,on_close,CLOSE,1000, "Bye"